email;business_name;category;city;province;region;address;phone;website;contact_name;provenienza;origine;score;priority;source;source_url
info@canileoasi.it;L'Oasi - Pensione e rifugio per cani e gatti;Pensioni per animali;;;;;+39 3899362371;https://canileoasi.it/;;manuale;email;69;B;IlMioCane.org;https://www.ilmiocane.org/attivita
megdambrosio@gmail.com;Rifugio LAPA;Rifugi per animali;;;;;+39 3204418463, +39 3382834789;;;manuale;email;41;D;Doggami (mappa canili);https://doggami.it/mappa-canili/
clinicalarcadinoe@gmail.com;L'Arca di Noé;Veterinari;Chieti;CH;Abruzzo;;;https://www.clinicalarcadinoe.it/;;automatica;email;63;C;OpenStreetMap (Overpass API, ODbL);https://www.openstreetmap.org/node/13700892096
info@parafarmacialaveterinaria.com;Parafarmacia La Veterinaria;Veterinari;Montesilvano;PE;Abruzzo;Via Caravaggio 261, 65125;+39 3908572948;https://www.parafarmacialaveterinaria.com;Dr.Rossetti;automatica;email;82;A;OpenStreetMap (Overpass API, ODbL);https://www.openstreetmap.org/node/8274468410
vetvialekennedy@gmail.com;Ambulatorio Veterinario Viale Kennedy;Veterinari;Pescara;PE;Abruzzo;Viale Kennedy 98,100, 65123;+39 3472544094;https://www.vetvialekennedy.it/;;automatica;email;83;A;OpenStreetMap (Overpass API, ODbL);https://www.openstreetmap.org/node/8466127355
irandagidiisoladicaporizzuto@gmail.com;I Randagi di Isola di Capo Rizzuto;Associazioni animaliste;Isola di Capo Rizzuto;KR;Calabria;;+39 3343019914, +39 3407269241;https://irandagidisola.it/;;manuale;email;61;C;AnnunciAnimali.it;https://www.annuncianimali.it/regalo/cani/vicino-a-me/bassano-del-grappa-vicenza/
futuredililmondodipluto@gmail.com;Il Mondo di Pluto;Pensioni per animali;Ricadi;VV;Calabria;Santa Domenica di Ricadi - 89836;+39 3498662784;;;manuale;email;63;C;Cani.com;https://www.cani.com/attivita/ilmondodipluto
newdogcenter@gmail.com;NewDog Beauty Center - Vomero;Toelettature;Napoli;NA;Campania;;+39 3476788633;https://www.newdog.it/;;manuale;email;66;B;Sito ufficiale;https://www.newdog.it/
info@petzon.it;Petzone;Pet shop;Napoli;NA;Campania;Via Rocco Marco di Torrepadula 175, 80145;+39 0817406535;https://www.petzon.it/;;automatica;email;71;B;OpenStreetMap (Overpass API, ODbL);https://www.openstreetmap.org/node/11150529348
info@animalcaresrl.it;Animal Care Clinica Veterinaria;Veterinari;Nocera Inferiore;SA;Campania;Via Raffaele Libroia 80, 84014;+39 081918397;https://www.animalcaresrl.it/;Dott. Saverio Giordano;automatica;email;97;A+;OpenStreetMap (Overpass API, ODbL);https://www.openstreetmap.org/node/12663536970
info@beautypets.it;Beauty Pets;Toelettature;Salerno;SA;Campania;Via Michelangelo Schipa 15, 84125;+39 0892966027;https://www.beautypets.it;;automatica;email;71;B;OpenStreetMap (Overpass API, ODbL);https://www.openstreetmap.org/node/7389616337
abateanna73@virgilio.it;ABATE Pet & Garden;Pet shop;Scafati;SA;Campania;Via Nazionale 114, 84012;;;Anna Abate;automatica;email;58;C;OpenStreetMap (Overpass API, ODbL);https://www.openstreetmap.org/node/12842234440
aquarium2007@libero.it;Aquarium;Pet shop;Scafati;SA;Campania;Via Nazionale 174, 84012;08119526889 (formato da verificare);https://aquariumangri.it/;Antonio Pisacane;automatica;email;84;A;OpenStreetMap (Overpass API, ODbL);https://www.openstreetmap.org/node/12847531319
f.llidelloioio@libero.it;Pet Shop dello Ioio - Acquariologia, Pesca Sub, Uccelleria;Negozi per animali;Vico Equense;NA;Campania;;+39 3913681443;;F.lli Dello Ioio;manuale;email;49;D;PagineGialle;https://www.paginegialle.it/molise/campobasso/toelettatura_cane.html
ambvetguidotti@gmail.com;Ambulatorio Veterinario Guidotti;Veterinari;Bologna;BO;Emilia-Romagna;Via Alessandro Guidotti 40a, 40134;+39 3491007581;https://www.facebook.com/Ambulatorio-Veterinario-Guidotti-101227044772600;Lega del cane;automatica;email;82;A;OpenStreetMap (Overpass API, ODbL);https://www.openstreetmap.org/node/4793750758
info@benessereanimalibologna.it;Benessere Animali Bologna;Pet shop;Bologna;BO;Emilia-Romagna;Via delle Lame 39f, 40122;;;;automatica;email;45;D;OpenStreetMap (Overpass API, ODbL);https://www.openstreetmap.org/node/4793771252
studio.veterinario.bagnolo@gmail.com;Dr Revelli Fausto;Veterinari;Correggio;RE;Emilia-Romagna;;+39 0522693196;https://www.ambulatorioveterinariorevelli.it/;;automatica;email;68;B;OpenStreetMap (Overpass API, ODbL);https://www.openstreetmap.org/node/11663790317
amafaenza@gmail.com;A.M.A. Faenza - Associazione Musetti Abbandonati;Rifugi per animali;Faenza;RA;Emilia-Romagna;Corso Mazzini, 52/5 - 48018;+39 3534516211;https://www.amafaenza.it/;;manuale;email;72;B;Sito ufficiale;https://www.amafaenza.it/
zenrico@yahoo.it;Ambulatorio Veterinario Zama;Ambulatori veterinari;Faenza;RA;Emilia-Romagna;Via Boito, 18 - 48018;+39 0546661197;https://www.ambulatoriozama.it/;Dr. Giuliano Zama (direttore sanitario);manuale;email;85;A;TuoVet;https://www.tuovet.it/scheda/ambulatorio-veterinario-zama/
faenza@enpa.org;ENPA Faenza - Ente Nazionale Protezione Animali;Associazioni animaliste;Faenza;RA;Emilia-Romagna;Via Laderchi, 3 - 48018;+39 0546661203;http://www.rifugiodelcanefaenza.org;;manuale;email;69;B;Rete civica R@cine (Provincia di Ravenna);https://www.racine.ra.it/Risorse/ODV-Organizzazioni-di-Volontariato/Tutela-e-promozione-dei-diritti/E.N.P.A.-Ente-Nazionale-Protezione-Animali-Faenza
info@ambulatorioveterinariosilver.it;Ambulatorio Veterinario Silver;Veterinari;Forlì;FC;Emilia-Romagna;Via Rubicone 2;+39 3893143308;https://www.ambulatorioveterinariosilver.it/;;automatica;email;83;A;OpenStreetMap (Overpass API, ODbL);https://www.openstreetmap.org/node/4766464665
ambvet.schiavonia@gmail.com;Clinica Veterinaria Porta Schiavonia;Veterinari;Forlì;FC;Emilia-Romagna;Corso Giuseppe Garibaldi 304;+39 054326261;http://www.psvet.it/;;automatica;email;83;A;OpenStreetMap (Overpass API, ODbL);https://www.openstreetmap.org/node/4766292040
sanfrancescovet@libero.it;Clinica Veterinaria San Francesco;Veterinari;Imola;BO;Emilia-Romagna;Via Massimo Villa 24b, 40026;+39 054241742;https://www.clinicaveterinariaimola.it/;;automatica;email;83;A;OpenStreetMap (Overpass API, ODbL);https://www.openstreetmap.org/node/3053303340
alessandromarrani@hotmail.com;Petville - Albergo per cani e gatti;Pet hotel;Imola;BO;Emilia-Romagna;;+39 054295389, +39 3334733438;https://petville.it/;Alessandro Marrani;manuale;email;76;B;Sito ufficiale (pagina contatti verificata);https://petville.it/contatti/
veterinariovega@yahoo.it;Vega;Veterinari;Rimini;RN;Emilia-Romagna;Via Vega 63, 47923;+39 0541777709;;;automatica;email;62;C;OpenStreetMap (Overpass API, ODbL);https://www.openstreetmap.org/node/2718198058
ambvet.scandiano@gmail.com;Ambulatorio Veterinario Cigarini Davoli Gherardi Montanari Poli;Veterinari;Scandiano;RE;Emilia-Romagna;Piazza Giovanni XXIII 4B, 42019;+39 0522855244;;;automatica;email;62;C;OpenStreetMap (Overpass API, ODbL);https://www.openstreetmap.org/node/3519678182
info@rifugiodivillotta.org;Canile di Villotta di Chions;Canili;Chions;PN;Friuli-Venezia Giulia;Villotta (frazione di Chions);+39 0434630420;;;manuale;email;55;C;Doggami (mappa canili);https://doggami.it/mappa-canili/
info@clinicatimavo.com;Clinica Veterinaria Timavo;Veterinari;Monfalcone;GO;Friuli-Venezia Giulia;Via Timavo 74, 34074;+39 0481412390, 33388889909 (formato da verificare);https://www.clinicatimavo.com/;;automatica;email;76;B;OpenStreetMap (Overpass API, ODbL);https://www.openstreetmap.org/node/3652804483
furiogherlanz@hotmail.it;Ambulatorio veterinario Gerlanz Furio;Veterinari;Trieste;TS;Friuli-Venezia Giulia;Campo Pietro Metastasio 3a, 34148;+39 040810834;https://www.gherlanzveterinario.com/;Gherlanz dott. Furio Medico Veterinario;automatica;email;82;A;OpenStreetMap (Overpass API, ODbL);https://www.openstreetmap.org/node/9254287813
info@veterinariomurray.it;Ambulatorio veterinario Murray;Veterinari;Trieste;TS;Friuli-Venezia Giulia;Campo Pietro Metastasio 3a, 34148;+39 040813164;https://veterinariomurray.it/;Dottoressa medico Veterinario Cristina M. Murray;automatica;email;82;A;OpenStreetMap (Overpass API, ODbL);https://www.openstreetmap.org/node/9254287816
nordest.vet@gmail.com;Ambulatorio Veterinario Nordest s.a.;Veterinari;Udine;UD;Friuli-Venezia Giulia;Via Bariglaria 269;+39 0432565212;;;automatica;email;62;C;OpenStreetMap (Overpass API, ODbL);https://www.openstreetmap.org/node/11082027205
gianluca5577@hotmail.com;Il maialino verde;Rifugi per animali;Marino;RM;Lazio;;+39 3317058886;;;automatica;email;51;C;OpenStreetMap (Overpass API, ODbL);https://www.openstreetmap.org/node/8850756856
vetbelisi@gmail.com;Ambulatorio veterinario Belli-Lisi;Veterinari;Monterotondo;RM;Lazio;Via San Martino 10, 00015;+39 0690622294;https://www.veterinari-bellilisi.it;;automatica;email;83;A;OpenStreetMap (Overpass API, ODbL);https://www.openstreetmap.org/node/13619502085
ambulatorioassociato@gmail.com;"Ambulatorio Veterinario Associato ""Villa Lazzaroni""";Veterinari;Roma;RM;Lazio;Via Raffaele de Cesare 60, 00179;+39 067887143;;;automatica;email;62;C;OpenStreetMap (Overpass API, ODbL);https://www.openstreetmap.org/node/2002702292
info@ambulatorioveterinariopineto.it;Ambulatorio Veterinario Associato Pineto;Veterinari;Roma;RM;Lazio;Via Vittorio Montiglio 25,27;+39 0689235429;https://www.ambulatorioveterinariopineto.it/;;automatica;email;76;B;OpenStreetMap (Overpass API, ODbL);https://www.openstreetmap.org/node/8833503090
ambulatoriogattamelata@gmail.com;Ambulatorio Veterinario Gattamelata;Veterinari;Roma;RM;Lazio;Via Erasmo Gattamelata 120;+39 3472919336;https://www.veterinariopigneto.it;Alessia Lingesso;automatica;email;97;A+;OpenStreetMap (Overpass API, ODbL);https://www.openstreetmap.org/node/13380799760
ambvet.ricciotti@gmail.com;Ambulatorio Veterinario Ricciotti;Veterinari;Roma;RM;Lazio;;+39 063214242;https://www.ambulatorioveterinarioricciotti.it/;;automatica;email;75;B;OpenStreetMap (Overpass API, ODbL);https://www.openstreetmap.org/node/610303277
spieziavet@gmail.com;Ambulatorio veterinario Spiezia;Veterinari;Roma;RM;Lazio;Via Portuense 803, 00148;+39 066591366;https://www.veterinarioportuense.it/;Iolanda Lucia Spezia;automatica;email;82;A;OpenStreetMap (Overpass API, ODbL);https://www.openstreetmap.org/node/11748892121
asta@associazioneasta.com;Asta Onlus;Veterinari;Roma;RM;Lazio;Via Sante Bargellini 18, 00156;+39 064506162;https://www.associazioneasta.com/;;automatica;email;76;B;OpenStreetMap (Overpass API, ODbL);https://www.openstreetmap.org/node/7711341085
info@cvrs.it;CVRS Policlinico Veterinario Roma Sud;Veterinari;Roma;RM;Lazio;Via Pilade Mazza 24, 00173;+39 067236171;https://www.cvrs.it/;;automatica;email;76;B;OpenStreetMap (Overpass API, ODbL);https://www.openstreetmap.org/node/7625648493
centroveterinariocecchignola@gmail.com;Centro Veterinario Cecchignola;Veterinari;Roma;RM;Lazio;Via Abigaille Zanetta 26, 00143;+39 0651958587;https://centroveterinariocecchignola.com/;;automatica;email;76;B;OpenStreetMap (Overpass API, ODbL);https://www.openstreetmap.org/node/12953675888
info@centroveterinariostia.eu;Centro veterinario Ostia;Veterinari;Roma;RM;Lazio;Via Costanzo Casana 47, 00121;+39 065693742;http://www.centroveterinariostia.eu/;;automatica;email;91;A+;OpenStreetMap (Overpass API, ODbL);https://www.openstreetmap.org/node/11394384784
info@veterinariaroma.it;Dott. Amerio Croce;Veterinari;Roma;RM;Lazio;Via Alghero 9, 00182;+39 0670301455, +39 3289386010;https://www.veterinariaroma.it/;;automatica;email;76;B;OpenStreetMap (Overpass API, ODbL);https://www.openstreetmap.org/node/1544664323
fondazioneprelzonlus@yahoo.it;Rifugio Fondazione Prelz;Rifugi per animali;Roma;RM;Lazio;;+39 069041448;http://www.adottauncane.it;;manuale;email;58;C;Doggami (mappa canili);https://doggami.it/mappa-canili/
adozioni@associazione-alfa.org;ALFA - Associazione Love For Animals OdV;Associazioni animaliste;Tivoli;RM;Lazio;;+39 3296595516;https://associazione-alfa.org/;;manuale;email;61;C;Sito ufficiale + Comune di Tivoli + Doggami;https://associazione-alfa.org/tivoli-per-gli-animali-400-adozioni-in-soli-5-anni/
cleandog.tivoli@outlook.com;Clean Dog Tivoli;Toelettature;Tivoli;RM;Lazio;Via Due Giugno, 7/D - 00019;+39 3339485988;https://www.cleandogtivoli.com/;;manuale;email;74;B;Sito ufficiale;https://www.cleandogtivoli.com/en/about
dott.ssa.poggi@gmail.com;Dott.ssa Virginia Poggi - Veterinario a domicilio;Veterinari;Tivoli;RM;Lazio;Tivoli (servizio a domicilio: Roma, Guidonia, Castel Madama, Mentana, Vicovaro, Gallicano, Zagarolo, Palestrina, San Cesareo, Palombara Sabina, Marcellina);+39 3289083058;;Dott.ssa Virginia Poggi;manuale;email;71;B;VeterinarioVicinoAMe;https://veterinariovicinoame.it/ambulatorio/veterinario-a-domicilio-tivoli-poggi/
monika-85@hotmail.it;NBA - Negozio di Animali Tivoli / Aquarium2000;Negozi per animali;Tivoli;RM;Lazio;Viale Tomei, 91 - 00019;+39 0774688913;;Monika (per email pubblica);manuale;email;76;B;Facebook;https://www.facebook.com/p/Negozio-Di-Animali-Tivoli-Aquarium2000-100057279655066/
manuela.arnetoli@yahoo.com;Palla di Pelo;Pet shop;Tivoli;RM;Lazio;Via Palatina, 51 - 00019;+39 3355421234;https://www.palladipelo.it/;Manuela Arnetoli;manuale;email;84;A;Sito ufficiale;https://www.palladipelo.it/
info@clinicavetalbaro.it;Clinica veterinaria Albaro;Veterinari;Genova;GE;Liguria;Via Montallegro 26 rosso;+39 0103620532;https://www.clinicavetalbaro.it;;automatica;email;76;B;OpenStreetMap (Overpass API, ODbL);https://www.openstreetmap.org/node/4682022248
info.clinicavetorobica@anicura.it;AniCura;Veterinari;Bergamo;BG;Lombardia;Via Zanica 62, 24126;+39035533191;https://www.anicura.it/cliniche/clinica-veterinaria-orobica/;AniCura Italy Holding s.r.l.;automatica;run-scarto;;;OpenStreetMap (Overpass API, ODbL);https://www.openstreetmap.org/node/13072904316
zooagricolagamba@libero.it;ZooAgricola;Pet shop;Bergamo;BG;Lombardia;;+39 035271977;;Zoo-Agricola S.N.C.;automatica;email;55;C;OpenStreetMap (Overpass API, ODbL);https://www.openstreetmap.org/node/7517726021
laura.muggiani@gmail.com;Dottoressa Muggiani;Veterinari;Bollate;MI;Lombardia;Via Sempione 84, 20016;+39 3201676560;https://www.ambulatorioveterinariopero.it/;;automatica;email;76;B;OpenStreetMap (Overpass API, ODbL);https://www.openstreetmap.org/node/5385706563
ambulatoriocotti@gmail.com;Dr. Cotti Maura;Veterinari;Bollate;MI;Lombardia;;+39 023548210;https://www.veterinariomauracotti.it/;;automatica;email;68;B;OpenStreetMap (Overpass API, ODbL);https://www.openstreetmap.org/node/9120556546
ilcondomicio@gmail.com;Il Condomicio;Pensioni per animali;Bollate;MI;Lombardia;Via Thomas Alva Edison 53a, 20026;+39 3248056013;http://www.ilcondomicio.it;;automatica;email;74;B;OpenStreetMap (Overpass API, ODbL);https://www.openstreetmap.org/node/8586244183
info@paradisopiccoliamici.it;Paradiso Piccoli Amici;Pet shop;Bollate;MI;Lombardia;;;;;automatica;email;37;D;OpenStreetMap (Overpass API, ODbL);https://www.openstreetmap.org/node/7900710690
ukkiapet@gmail.com;Ukkia;Pet shop;Bollate;MI;Lombardia;;+39 3249595599;;;automatica;email;57;C;OpenStreetMap (Overpass API, ODbL);https://www.openstreetmap.org/node/8688123853
vitadacani@vitadacani.org;Vitadacani - Parcocanile di Arese;Rifugi per animali;Bollate;MI;Lombardia;;+39 3490581076;https://www.vitadacani.org/;Vitadacani ODV;automatica;email;64;C;OpenStreetMap (Overpass API, ODbL);https://www.openstreetmap.org/way/967053397
info@sosveterinariobrescia.it;Centro Veterinario SOS;Veterinari;Brescia;BS;Lombardia;Via Guglielmo Oberdan 6v, 25128;+39 030305951;;;automatica;email;62;C;OpenStreetMap (Overpass API, ODbL);https://www.openstreetmap.org/node/3240952283
centrovetcesa@virgilio.it;Centro veterinario cesanese;Veterinari;Cesano Maderno;MB;Lombardia;Via Don Luigi Viganò 58, 20811;+39 0362524361;https://www.centroveterinariocesanese.com/;Centro veterinario cesanese;automatica;email;82;A;OpenStreetMap (Overpass API, ODbL);https://www.openstreetmap.org/node/13990126019
info@clinicaveterinaria24ore.com;Clinica veterinaria San Rocco;Veterinari;Como;CO;Lombardia;38, 22100;+39 031261433;https://www.clinicaveterinaria24ore.com/;;automatica;email;76;B;OpenStreetMap (Overpass API, ODbL);https://www.openstreetmap.org/node/1981151703
senecagiovanni@gmail.com;Giovanni Raffaele Seneca;Veterinari;Como;CO;Lombardia;Via Monte Grappa 74, 22100;+39 031300230;http://www.giovanniseneca.eu/;;automatica;email;76;B;OpenStreetMap (Overpass API, ODbL);https://www.openstreetmap.org/node/14135396392
contatti@lamicofedele.it;L'Amico Fedele Onlus - Associazione di volontariato;Associazioni animaliste;Cormano;MI;Lombardia;;;http://www.lamicofedele.it;;manuale;email;43;D;Doggami (mappa canili);https://doggami.it/mappa-canili/
lamicofedele@pec.it;L'Amico Fedele Onlus - Associazione di volontariato;Associazioni animaliste;Cormano;MI;Lombardia;;;http://www.lamicofedele.it;;manuale;pec-other;43;D;Doggami (mappa canili);https://doggami.it/mappa-canili/
info@clinicaveterinariasanmagno.com;Clinica Veterinaria San Magno;Veterinari;Legnano;MI;Lombardia;Via Venti Settembre 18a, 20025;+39 0331454343;https://www.clinicaveterinariasanmagno.com/;;automatica;email;76;B;OpenStreetMap (Overpass API, ODbL);https://www.openstreetmap.org/node/5614910704
info@leoshop.it;Leoshop;Pet shop;Legnano;MI;Lombardia;Via Fratelli Bandiera 49, 20039;+39 3472632726;http://www.leoshop.it;;automatica;email;71;B;OpenStreetMap (Overpass API, ODbL);https://www.openstreetmap.org/node/6057147302
masetti.vet@gmail.com;Masetti;Veterinari;Legnano;MI;Lombardia;;+39 0331455526;https://masettiveterinario.jimdo.com/;;automatica;email;68;B;OpenStreetMap (Overpass API, ODbL);https://www.openstreetmap.org/node/3328485242
vetvalle@virgilio.it;Studio veterinario della Valle;Veterinari;Legnano;MI;Lombardia;Via Luigi Cadorna 6, 21057;+39 0331642420;https://www.centroveterinariodellavalle.com/;;automatica;email;76;B;OpenStreetMap (Overpass API, ODbL);https://www.openstreetmap.org/node/1139930412
info@icanidellaquercia.it;Azienda Agricola La Quercia;Pensioni per animali;Limbiate;MB;Lombardia;Via Valcamonica 25/27, 20812;+39 0299480508;https://icanidellaquercia.it/;La quercia azienda agricola di Mara Guindani;automatica;email;87;A;OpenStreetMap (Overpass API, ODbL);https://www.openstreetmap.org/node/9233124592
info@hobbyfauna.it;Hobby Fauna;Toelettature;Limbiate;MB;Lombardia;Via Attilio Confalonieri 38, 20822;+39 0362500386;https://www.hobbyfauna.it/;Alberto e Andrea Cozzani;automatica;email;77;B;OpenStreetMap (Overpass API, ODbL);https://www.openstreetmap.org/node/5760498139
hobbyfauna22@gmail.com;Hobby Fauna;Toelettature;Limbiate;MB;Lombardia;Via Attilio Confalonieri 38, 20822;+39 0362500386;https://www.hobbyfauna.it/;Alberto e Andrea Cozzani;automatica;email;77;B;OpenStreetMap (Overpass API, ODbL);https://www.openstreetmap.org/node/5760498139
cesanomaderno@toele.it;Toelé;Toelettature;Limbiate;MB;Lombardia;Via Giuseppe Garibaldi 26, 20811;+39 3520416576;https://www.toele.it/;Toelé;automatica;email;77;B;OpenStreetMap (Overpass API, ODbL);https://www.openstreetmap.org/node/13395239946
clinicavetlodi@libero.it;Clinica Veterinaria Morelli;Veterinari;Lodi;LO;Lombardia;Piazza Don Luigi Savarè 14;+39 0371412449;https://www.clinicavetlodi.com/;;automatica;email;76;B;OpenStreetMap (Overpass API, ODbL);https://www.openstreetmap.org/node/4269569792
info.h24abruzzo@anicura.it;Clinica Veterinaria Tibaldi;Veterinari;Milano;MI;Lombardia;Via Giovanni Pezzotti 2, 20141;+39 0258106826;https://www.anicura.it/;Clinica Veterinaria Tibaldi S.r.l.;automatica;email;97;A+;OpenStreetMap (Overpass API, ODbL);https://www.openstreetmap.org/node/5804044774
info@clinicaveterinariatretorri.it;Clinica Veterinaria Tre Torri;Veterinari;Milano;MI;Lombardia;Via Tiziano 21, 20145;;;ClinicaVeterinaria Tre Torri;automatica;email;56;C;OpenStreetMap (Overpass API, ODbL);https://www.openstreetmap.org/node/6096179373
info@clinicaveterinariaturro.it;Clinica veterinaria Turro;Veterinari;Milano;MI;Lombardia;Via Gerolamo Rovetta 8, 20127;+39 0228040293;http://www.clinicaveterinariaturro.it/;;automatica;email;76;B;OpenStreetMap (Overpass API, ODbL);https://www.openstreetmap.org/node/8523890596
info@robertogranata.it;Dottor Roberto Granata;Veterinari;Milano;MI;Lombardia;Via Andrea Maria Ampère 115;+39 022841347;http://robertogranata.it/;;automatica;email;76;B;OpenStreetMap (Overpass API, ODbL);https://www.openstreetmap.org/node/8523398333
ambulatoriolucare@gmail.com;Dr. Luca Re;Veterinari;Milano;MI;Lombardia;Via Ambrogio Binda 33, 20143;+39 0297382078;https://www.drlucare-veterinario.com/;;automatica;email;76;B;OpenStreetMap (Overpass API, ODbL);https://www.openstreetmap.org/node/8523631934
clinica@enpamilano.org;ENPA;Veterinari;Milano;MI;Lombardia;Via Pietro Gassendi 11, 20155;+39 0297064230;https://www.clinicaenpami.org;;automatica;email;76;B;OpenStreetMap (Overpass API, ODbL);https://www.openstreetmap.org/node/9677620610
cvisolaverde@gmail.com;Isola Verde;Veterinari;Milano;MI;Lombardia;Via Marco Aurelio 49;+39 022870429;https://www.clinicaveterinariaisolaverde.com/;;automatica;email;76;B;OpenStreetMap (Overpass API, ODbL);https://www.openstreetmap.org/node/5287291229
milanofiera@mypetclinic.it;MyPetClinic;Veterinari;Milano;MI;Lombardia;Viale Daniele Ranzoni 10, 20149;+39 0243983076;https://www.mypetclinic.it/;Dott. Walter Scarabello;automatica;email;82;A;OpenStreetMap (Overpass API, ODbL);https://www.openstreetmap.org/node/8524280094
info@naturaliter.it;Veterinario Dott.ssa Laura Cutullo;Veterinari;Milano;MI;Lombardia;Via Paolo Giovio 28, 20144;+39 0248016079;http://www.naturaliter.it/;;automatica;email;76;B;OpenStreetMap (Overpass API, ODbL);https://www.openstreetmap.org/node/9964808986
info@clinicaveterinarianaviglio.it;Clinica Veterinaria del Naviglio;Veterinari;Pioltello;MI;Lombardia;Viale Martesana 59, 20090;;;;automatica;email;50;C;OpenStreetMap (Overpass API, ODbL);https://www.openstreetmap.org/node/8524105368
rifugio@legadelcanemi.it;Lega nazionale per la difesa del cane sezione di Milano;Rifugi per animali;Pioltello;MI;Lombardia;Via Martiri di Cefalonia 18, 20054;+39 022137864;https://legadelcanemi.it/;Lega nazionale per la difesa del cane;automatica;email;72;B;OpenStreetMap (Overpass API, ODbL);https://www.openstreetmap.org/node/13355202591
studiovet.martignoni@gmail.com;Ambulatorio Veterinario dott.ssa Martignoni;Veterinari;Rho;MI;Lombardia;;+39 029303017;https://www.veterinarimartignoni.it/;Dott.ssa Benedetta Martignoni;automatica;email;82;A;OpenStreetMap (Overpass API, ODbL);https://www.openstreetmap.org/node/13998149923
mondogattosandonato@gmail.com;Mondo Gatto;Rifugi per animali;San Giuliano Milanese;MI;Lombardia;Via Gela, 20097;;https://www.mondogattosandonato.com/;Mondo Gatto;automatica;email;67;B;OpenStreetMap (Overpass API, ODbL);https://www.openstreetmap.org/node/13197935950
info@baomiaovillage.it;Bao Miao Village;Pensioni per animali;Saronno;VA;Lombardia;Via Vittorio Veneto 5, 20815;+39 0296461205;https://baomiaovillage.it/;Bao Miao Village S.R.L.;automatica;email;80;A;OpenStreetMap (Overpass API, ODbL);https://www.openstreetmap.org/way/385257366
clinicalisavet@gmail.com;Clinica veterinaria LISaVet;Veterinari;Saronno;VA;Lombardia;Viale Europa 1375, 21042;+39 029657535;https://www.veterinarioisabellafranco.it/;Dr.ssa Isabella Franco;automatica;email;82;A;OpenStreetMap (Overpass API, ODbL);https://www.openstreetmap.org/node/11483976357
clinicavetdelparco@gmail.com;Clinica veterinaria del parco;Veterinari;Saronno;VA;Lombardia;Via Varese 6, 20020;+39 0296799407;https://www.clinicaveterinariasolaro.it/;;automatica;email;83;A;OpenStreetMap (Overpass API, ODbL);https://www.openstreetmap.org/node/13394002303
ondenere@gmail.com;La casa del cane - la casa dei gatti;Pensioni per animali;Saronno;VA;Lombardia;Via Lainate 1179, 20045;;"https://ondenere.it/pensione-cani/;https://ondenere.it/pensione-gatti/";;automatica;email;69;B;OpenStreetMap (Overpass API, ODbL);https://www.openstreetmap.org/node/11513968345
sailinruf@sailinruf.com;Le betulle;Allevatori;Saronno;VA;Lombardia;Via Armando Diaz 21, 20815;+39 029660030, +39 029661121;http://www.sailinruf.com/;Società agricola allevamento Le betulle S.R.L.;automatica;email;89;A;OpenStreetMap (Overpass API, ODbL);https://www.openstreetmap.org/way/385257355
betulle@sailinruf.com;Le betulle;Allevatori;Saronno;VA;Lombardia;Via Armando Diaz 21, 20815;+39 029660030, +39 029661121;http://www.sailinruf.com/;Società agricola allevamento Le betulle S.R.L.;automatica;email;89;A;OpenStreetMap (Overpass API, ODbL);https://www.openstreetmap.org/way/385257355
gammavet5@gmail.com;GammaVet;Veterinari;Seregno;MB;Lombardia;Via Mosè Gerosa 42, 20831;03621441462 (formato da verificare);;;automatica;email;77;B;OpenStreetMap (Overpass API, ODbL);https://www.openstreetmap.org/node/5224705091
lafenicevet@gmail.com;La Fenice;Veterinari;Varese;VA;Lombardia;Via Cavour 4, 21020;+39 0332890081;https://www.lafenicevetvarese.it/;;automatica;email;76;B;OpenStreetMap (Overpass API, ODbL);https://www.openstreetmap.org/node/4099274589
info.varese@zoovetsrl.it;Zoovet;Pet shop;Varese;VA;Lombardia;Viale dell'Ippodromo 57, 21100;;https://www.zoovetsrl.it;Zoovet S.r.l.;automatica;email;80;A;OpenStreetMap (Overpass API, ODbL);https://www.openstreetmap.org/node/12473609834
lucab93235@gmail.com;Nella vecchia fattoria;Allevatori;Vimercate;MB;Lombardia;Via della Fornace 1, 20862;;;;automatica;email;49;D;OpenStreetMap (Overpass API, ODbL);https://www.openstreetmap.org/way/193440163
clinicaoltrevet@gmail.com;Oltre Vet - Clinica veterinaria;Veterinari;Voghera;PV;Lombardia;;+39 0383693215;;;automatica;email;54;C;OpenStreetMap (Overpass API, ODbL);https://www.openstreetmap.org/node/13599636864
clinicaveterinariaflaminia@gmail.com;Clinica veterinaria Flaminia;Veterinari;Ancona;AN;Marche;Via Flaminia 315, 60126;+39 3907154762;https://clinicaveterinariaflaminia.it;;automatica;email;76;B;OpenStreetMap (Overpass API, ODbL);https://www.openstreetmap.org/node/11335979317
info@veterinarivirgultiegrosso.it;Ambulatorio Veterinario Associato Virgulti-Grosso;Veterinari;Ascoli Piceno;AP;Marche;Largo delle Veroniche 17, 63100;+39 073645999;https://www.veterinarivirgultiegrosso.it/;;automatica;email;83;A;OpenStreetMap (Overpass API, ODbL);https://www.openstreetmap.org/node/12565737951
agrifarmavet@gmail.com;Agrifarmavet - Farmacia Veterinaria, Zootecnica e Pet Shop;Agenzie e servizi dedicati agli animali domestici;Campobasso;CB;Molise;Contrada Nunziatella, Pal. A, primo piano - 86100;+39 3482939034, +39 0865414910;;;manuale;email;63;C;PagineGialle;https://www.paginegialle.it/molise/campobasso/toelettatura_cane.html
ambulatorio.crispi@libero.it;Ambulatorio Veterinario Dr. Martino Cocca (Ambulatorio Crispi);Ambulatori veterinari;Campobasso;CB;Molise;Via Alfredo Trombetta, 38/40/42 - 86100;+39 0874483580, +39 3332411108;https://coccaveterinario.bdf.land/;Dr. Martino Cocca;manuale;email;85;A;Sito ufficiale / PagineBianche;https://coccaveterinario.bdf.land/
pezzutoepiano@gmail.com;Ambulatorio Veterinario Pezzuto e Piano;Ambulatori veterinari;Campobasso;CB;Molise;Via Puglia, 6 - 86100;+39 3479461198;;"Dott. Pezzuto; Dott. Piano";manuale;email;68;B;PagineBianche;https://www.paginebianche.it/molise/campobasso/veterinari.html
ambulatorioveterinario@legalmail.it;Ambulatorio Veterinario Pezzuto e Piano;Ambulatori veterinari;Campobasso;CB;Molise;Via Puglia, 6 - 86100;+39 3479461198;;"Dott. Pezzuto; Dott. Piano";manuale;pec-other;68;B;PagineBianche;https://www.paginebianche.it/molise/campobasso/veterinari.html
anpa-alba@tiscali.it;A.N.P.A. Alba Langhe e Roero ODV;Associazioni animaliste;Alba;CN;Piemonte;Via San Frontiniano, 17 - 12051;+39 3358129997;;;manuale;email;55;C;CSV Cuneo (Centro Servizi Volontariato);https://www.csvcuneo.it/a-n-p-a-alba-langhe-e-roero-odv/
amicidizampa@tiscali.it;Canile comunale di prima accoglienza di Alba;Canili;Alba;CN;Piemonte;Località Toppino, 15 - 12051;+39 0173362000, +39 3356915647;;;manuale;email;58;C;CercoCane.com;https://www.cercocane.com/canili-e-rifugi/piemonte-canili-e-rifugi/
marchisio.giovanni@email.it;Marchisio Giovanni di Marchisio Lorenza;Negozi per animali;Alba;CN;Piemonte;Corso Cortemilia, 100/C - 12051;+39 0173441968, +39 0173449962;;Lorenza Marchisio;manuale;email;63;C;PagineGialle;https://www.paginegialle.it/piemonte/cn/negozi_di_animali.html
info@stortiglione.it;Ambulatorio veterinario - Dr. Mario Stortiglione;Ambulatori veterinari;Borgomanero;;Piemonte;Via Santa Cristinetta 8, 28021;+39 032282127;https://www.stortiglione.it/;;automatica;email;76;B;OpenStreetMap (Overpass API, ODbL);https://www.openstreetmap.org/node/6766235512
sabrina@ara-ricambi.it;Rifugio Dei Cameri;Rifugi per animali;Cameri;NO;Piemonte;;+39 3398380232;;Sabrina;manuale;email;50;C;Doggami (mappa canili);https://doggami.it/mappa-canili/
ambvetsacrocuore@yahoo.com;Ambulatorio Veterinario Sacro Cuore Ivrea;Ambulatori veterinari;Ivrea;TO;Piemonte;Via Torino 184b, 10015;345 (formato da verificare), 2753882 (formato da verificare);https://ambveterinariosacrocuoreivrea.weebly.com/;;automatica;email;76;B;OpenStreetMap (Overpass API, ODbL);https://www.openstreetmap.org/node/1877196872
info@cvttorino.it;Centro Veterinario Torinese;Veterinari;Piemonte;;Piemonte;Lungo Dora Colletta Pietro, 147, 10153;+39 0112482116;http://www.cvttorino.it/;;automatica;email;73;B;OpenStreetMap (Overpass API, ODbL);https://www.openstreetmap.org/node/14143971807
comunicazione@clinicamattalia.it;Clinica Veterinaria Mattalia;Cliniche veterinarie;Piemonte;;Piemonte;;+39 0171792509;https://www.clinicaveterinariamattalia.it/;;automatica;email;67;B;OpenStreetMap (Overpass API, ODbL);https://www.openstreetmap.org/node/12406905979
luca.ferrero69@gmail.com;Ambulatorio Veterinario - Luca Ferrero;Veterinari;Torino;TO;Piemonte;Via Giuseppe Mazzini 39 bis/B, 10123;+39 0118121612;https://www.ferrerodottorlucaveterinario.it;;automatica;email;76;B;OpenStreetMap (Overpass API, ODbL);https://www.openstreetmap.org/node/4736055191
karlogiulianelli@gmail.com;Ambulatorio Veterinario Scapacino del Dott. Carlo Giulianelli;Ambulatori veterinari;Torino;TO;Piemonte;Via Scapacino Giovanni Battista, 29/D, 10146;+39 011728346, +39 3477943396;https://www.carlogiulianellimedicoveterinario.it/;;automatica;email;80;A;PagineGialle;https://www.paginegialle.it/torino-to/veterinaria/giulianelli-carlo
clinicaveterinariaborgopo@gmail.com;Clinica Veterinaria Borgo Po;Cliniche veterinarie;Torino;TO;Piemonte;Corso Moncalieri, 389, 10133;+39 0116610683, +39 3391266287;https://clinicaveterinariaborgopo.it/;;automatica;email;78;B;PagineGialle;https://www.paginegialle.it/torino-to/ambulatorio-veterinario-associato-dottori-piera-fe_2
info@clinicapastrone.com;Clinica Veterinaria Pastrone;Veterinari;Torino;TO;Piemonte;Corso Vercelli 246, 10155;+39 011200126, +39 3355269444;https://www.clinicapastrone.com/;;automatica;email;76;B;OpenStreetMap (Overpass API, ODbL);https://www.openstreetmap.org/node/2553582900
info@clinicasanpaolo.it;Clinica Veterinaria San Paolo;Veterinari;Torino;TO;Piemonte;Via Issiglio 111 int. 4, 10141;+39 0113722558;https://www.ambulatorioveterinario-torino.it/;;automatica;email;76;B;OpenStreetMap (Overpass API, ODbL);https://www.openstreetmap.org/node/4734597325
posta@rifugiotrofarello.org;Rifugio Ramondetti-Cassardo;Rifugi per animali;Trofarello;TO;Piemonte;;+39 0116497404, 01166497409 (formato da verificare);http://www.rifugiotrofarello.org;;manuale;email;61;C;Doggami (mappa canili);https://doggami.it/mappa-canili/
cristinasandoli@gmail.com;Dottoressa Cristina Sandoli;Veterinari;Vercelli;VC;Piemonte;;+39 3384462132;;;automatica;email;61;C;OpenStreetMap (Overpass API, ODbL);https://www.openstreetmap.org/node/2943298582
info@animalife.it;Animalife - Pensione per animali;Pensioni per animali;Vezza d'Alba;CN;Piemonte;Viale Artigianale - 12040;+39 3355443183, +39 3388370929;http://www.animalife.it/pensione.html;;manuale;email;81;A;Sito ufficiale;http://www.animalife.it/pensione.html
info@lovepettoelettatura.it;Love Pet Toelettatura e Spa;Toelettature;Vezza d'Alba;CN;Piemonte;Via Torino, 33 - 12040;+39 3470430712;https://www.lovepettoelettatura.it/;Simona Murano;manuale;email;80;A;Sito ufficiale;https://www.lovepettoelettatura.it/
vincenza35@hotmail.it;Allevamento delle Mura Antiche;Allevamenti professionali;Altamura;BA;Puglia;Via Pietro Colletta snc - 70022;+39 3921116423;http://www.allevamentirazze.it/sito/allevamento-delle-antiche-mura;;manuale;email;73;B;Cani.com;https://www.cani.com/attivita/allevamento-mura-antiche
rifugioaquattrozampe@gmail.com;Associazione Rifugio a Quattro Zampe;Rifugi per animali;Altamura;BA;Puglia;Zona Monteverde - 70022 (indirizzo FB grezzo: 'Sce 32 Monteverde');+39 3929286955;https://linktr.ee/rifugioaquattrozampe;;manuale;email;82;A;Facebook;https://www.facebook.com/p/Associazione-rifugioaquattrozampe-100069996459854/
vitosabrina.vs@gmail.com;L'Oasi di Rex;Toelettature;Altamura;BA;Puglia;Via Isernia, 10 - 70022;+39 3280274685;https://loasidirex.it/;Sabrina Vito;manuale;email;80;A;Sito ufficiale;https://loasidirex.it/
lndc.altamura@gmail.com;Lega Nazionale per la Difesa del Cane - Sezione di Altamura (LNDC Altamura);Associazioni animaliste;Altamura;BA;Puglia;"Sede legale: Viale Regina Margherita, 96/b - 70022; sede operativa: Contrada La Macchia";+39 3398553058, +39 3349993833;https://www.legadelcanealtamura.com/;;manuale;email;69;B;Sito ufficiale;https://www.legadelcanealtamura.com/
virodoggrooming@gmail.com;VIRÒ Grooming (Virò Dog Grooming);Toelettature;Altamura;BA;Puglia;Via Carpentino, 158 - 70022;+39 3287777017;https://www.virodog.it/;;manuale;email;78;B;Sito ufficiale;https://www.virodog.it/
ambulatoriosantospirito@gmail.com;"Ambulatorio Veterinario ""Santo Spirito""";Veterinari;Bari;BA;Puglia;Via Suor Maria Lucchesi 14, 70127;+39 0806457415;;;automatica;email;62;C;OpenStreetMap (Overpass API, ODbL);https://www.openstreetmap.org/node/12111046009
piumellipesce@gmail.com;Ambulatorio Veterinario Dott.Pesce-Dott.ssa Piumelli;Veterinari;Bari;BA;Puglia;Via Angelantonio Maiorano 22, 70128;+39 0805304680;;;automatica;email;62;C;OpenStreetMap (Overpass API, ODbL);https://www.openstreetmap.org/node/329777992
pingry@tin.it;Ospedale Veterinario Pingry;Veterinari;Bari;BA;Puglia;Via delle Medaglie d'Oro 5;+39 0805533884;https://www.pingry.it/;;automatica;email;76;B;OpenStreetMap (Overpass API, ODbL);https://www.openstreetmap.org/node/5451410324
clinicavetaltosalento@gmail.com;Clinica Veterinaria Alto Salento;Veterinari;Francavilla Fontana;BR;Puglia;Viale dell'Artigianato, 72021;+39 3773195809;https://www.altosalentoveterinari.it/;;automatica;email;76;B;OpenStreetMap (Overpass API, ODbL);https://www.openstreetmap.org/node/12536288035
centroveterinariolupiae@gmail.com;Centro Veterinario Lupiae;Veterinari;Lecce;LE;Puglia;Viale Giuseppe Grassi 1/H, 73100;+39 3245658489;;;automatica;email;62;C;OpenStreetMap (Overpass API, ODbL);https://www.openstreetmap.org/node/13779633801
ambvetassociatosantantonio@gmail.com;Ambulatorio Veterinario Associato Sant'Antonio (Dr. Felce e Mundula);Ambulatori veterinari;Quartu Sant'Elena;CA;Sardegna;Via Olanda, 22 - 09045;+39 0704513334, +39 3313107470, +39 3337341680;;"Dr. Gianfranco Alfonsi; Dott.ssa Tasha Felce; Dr. Gianluigi Mundula";manuale;email;75;B;PagineGialle / Virgilio / Opendi;https://www.paginegialle.it/ambulatorioveterinarioquartusantelena
info@erikastriulli.it;Centro Cinofilo Erika Striulli - ACAFOC SSD arl;Centri cinofili;Quartu Sant'Elena;CA;Sardegna;Via Serra Perdosa, f.c. 60 - 09045;+39 3497207357;https://www.erikastriulli.it/;"Dott.ssa Erika Striulli; staff: Carlo Corrado, Michela Piseddu, Claudia Vacca";manuale;email;83;A;Sito ufficiale;https://www.erikastriulli.it/
info@fisioetnapet.it;Etnapet;Veterinari;Catania;CT;Sicilia;;+39 3396894684;http://www.fisioetnapet.it/;;automatica;email;68;B;OpenStreetMap (Overpass API, ODbL);https://www.openstreetmap.org/node/8975796006
info@veterinario-trapani.it;Veterinario Sant'Antonio;Veterinari;Erice;TP;Sicilia;Via Cosenza, 91016;+39 3208826140;https://www.ambulatorioveterinario-trapani.it/;;automatica;email;76;B;OpenStreetMap (Overpass API, ODbL);https://www.openstreetmap.org/node/10718744089
acae-dogvillage@hotmail.it;Dog Village A.C.A.E.;Rifugi per animali;Mascalucia;CT;Sicilia;Via Libertà, 7 - 95030;+39 3338607088;;;manuale;email;58;C;CercoCane.com;https://www.cercocane.com/canili-e-rifugi/sicilia-canili-e-rifugi/
vetmaz@gmail.com;"Centro Veterinario ""Città di Mazara""";Veterinari;Mazara del Vallo;TP;Sicilia;;+39 0923364832;;Giosuè Ruggiano;automatica;email;60;C;OpenStreetMap (Overpass API, ODbL);https://www.openstreetmap.org/node/1364722234
bandb2022@gmail.com;Dog B&B;Pensioni per animali;Misterbianco;CT;Sicilia;;;;;automatica;email;40;D;OpenStreetMap (Overpass API, ODbL);https://www.openstreetmap.org/node/12990447160
ambulatorio.artemis@gmail.com;Artemis;Veterinari;Palermo;PA;Sicilia;Via Porrazzi 12a, 90129;;;;automatica;email;50;C;OpenStreetMap (Overpass API, ODbL);https://www.openstreetmap.org/node/6269545637
centrovetanimaliesotici@gmail.com;Centro Veterinario Animali Esotici;Veterinari;Palermo;PA;Sicilia;Viale Regione Siciliana Sud Est 422, 90129;;https://www.veterinarioesoticipalermo.it/;;automatica;email;71;B;OpenStreetMap (Overpass API, ODbL);https://www.openstreetmap.org/node/5412716530
info@arkevet.net;Clinica Veterinaria Arkè;Veterinari;Palermo;PA;Sicilia;Via Giuseppe Pollaci 8,10, 90135;+39 0912539870;https://www.arkevet.net/chisiamo.html;;automatica;email;76;B;OpenStreetMap (Overpass API, ODbL);https://www.openstreetmap.org/node/5100685898
francescamicca58@gmail.com;Micca;Veterinari;Siracusa;SR;Sicilia;;+39 3201186404;;;automatica;email;54;C;OpenStreetMap (Overpass API, ODbL);https://www.openstreetmap.org/node/6248470966
agraria.parmignola@gmail.com;Agraria Parmignola Srls;Pet shop;Carrara;MS;Toscana;Via provinciale Avenza-Sarzana 168, 54033;+39 0585858383;;;automatica;email;57;C;OpenStreetMap (Overpass API, ODbL);https://www.openstreetmap.org/node/4934121853
sauro.lupo@gmail.com;ASD Centro Cinofilo Il Lupo - Scuola di Educazione Cinofila;Centri cinofili;Empoli;FI;Toscana;"Via della Nave di Marcignana - 50053 (sede sito ufficiale); Cani.com riporta Via della Piovola, 61";+39 3296118131;https://www.lupocinofilia.it/;Sauro Carraesi (addestratore ENCI, diploma SIUA);manuale;email;83;A;Sito ufficiale / Cani.com;https://www.lupocinofilia.it/educatore-cinofilo-firenze-empoli/
ambvetie@virgilio.it;Ambulatorio Veterinario Dr.ssa Elisabetta Innocenti;Ambulatori veterinari;Empoli;FI;Toscana;Viale Giovanni Boccaccio, 161/C - 50053;+39 057182563;;Dr.ssa Elisabetta Innocenti;manuale;email;74;B;Tartapedia;https://tartapedia.it/veterinari-della-provincia-di-firenze-per-tartarughe-e-rettili/
info@aristogatti.org;Aristogatti - Gattile di Empoli;Rifugi per animali;Empoli;FI;Toscana;Via Ettore Majorana - 50053;+39 3383244769;https://www.aristogattiempoli.org/;;manuale;email;82;A;SeguiLeOrme / Facebook;https://www.seguileorme.it/servizi-per-animali/aristogatti/
bolleecucce@gmail.com;Bolle & Cucce;Toelettature;Empoli;FI;Toscana;Via Guido Monaco, 57 - 50053;+39 3398803542;http://bolleecucce.it;Cristina Perugi (per directory GLOBElife);manuale;email;97;A+;Facebook / Quotalo / GLOBElife;https://www.facebook.com/p/BOLLE-CUCCE-100063648502056/
info@ilpoggettovet.it;Il Poggetto;Veterinari;Firenze;FI;Toscana;Via Celso 2 R;;https://www.clinicaveterinariailpoggetto.it/;;automatica;email;64;C;OpenStreetMap (Overpass API, ODbL);https://www.openstreetmap.org/node/2361715539
info@cardiovet.eu;Cardiovet;Veterinari;Livorno;LI;Toscana;;+39 0586839956;https://www.cardiovet.eu/;;automatica;email;68;B;OpenStreetMap (Overpass API, ODbL);https://www.openstreetmap.org/node/11172694688
lemmimario@alice.it;Dottor Mario Lemmi;Veterinari;Livorno;LI;Toscana;Viale Ippolito Nievo 39,41;+39 0586408370;;;automatica;email;62;C;OpenStreetMap (Overpass API, ODbL);https://www.openstreetmap.org/node/1725269110
info@ospedaleveterinarioardenza.com;Ospedale veterinario Ardenza;Veterinari;Livorno;LI;Toscana;Via Uberto Mondolfi 169;+39 0586504403;https://www.ospedaleveterinarioardenza.com/;;automatica;email;76;B;OpenStreetMap (Overpass API, ODbL);https://www.openstreetmap.org/node/5412245021
info@veterinariosoldani.it;Veterinario Soldani;Veterinari;Pontedera;PI;Toscana;Via Vittorio Veneto 196, 56025;+39 058755266;;;automatica;email;62;C;OpenStreetMap (Overpass API, ODbL);https://www.openstreetmap.org/node/9983551353
info@dogsplace.it;Dog's Place - Toeletta & Asilo a 4 Zampe;Servizi di pet care;Brunico;BZ;Trentino-Alto Adige;;+39 0474772831, +39 3457450511;http://www.dogsplace.it;;manuale;email;57;C;IlMioCane.org;https://www.ilmiocane.org/attivita/categoria/dog-sitter-asili-e-pensioni-per-cani
info@clinicatresanti.it;Clinica tre santi;Veterinari;Bolzano;BZ;Trentino-Alto Adige/Südtirol;Viale Druso - Drususallee 71, 39100;+39 0471272818;https://www.clinicatresanti.it/;Folchini Dott. Alessandro - Sanin Dr. Christian;automatica;email;82;A;OpenStreetMap (Overpass API, ODbL);https://www.openstreetmap.org/node/4236527513
info@vetbz.it;Clinica veterinaria Città di Bolzano VETBZ;Veterinari;Bolzano;BZ;Trentino-Alto Adige/Südtirol;Via Resia - Reschenstraße 20, 39100;+39 0471204212;https://www.vetbz.it/;;automatica;email;76;B;OpenStreetMap (Overpass API, ODbL);https://www.openstreetmap.org/node/2656691408
ingrid.misfatto@fastwebnet.it;Europa;Veterinari;Bolzano;BZ;Trentino-Alto Adige/Südtirol;Viale Europa - Europaallee 128a, 39100;;http://www.ambulatorioveterinario-europa.it/;;automatica;email;64;C;OpenStreetMap (Overpass API, ODbL);https://www.openstreetmap.org/node/4127642223
info@vetclinic.bz;Vetclinic Dr. Georg Moser e Dr. Simon Kirchler;Veterinari;Bolzano;BZ;Trentino-Alto Adige/Südtirol;Via Tre Santi - Dreiheiligengasse 1f, 39100;+39 0471283040;;;automatica;email;62;C;OpenStreetMap (Overpass API, ODbL);https://www.openstreetmap.org/node/3018017351
info@clinicamarlengo.it;Tierklinik Marling - Clinica Veterinaria Marlengo;Veterinari;Merano;BZ;Trentino-Alto Adige/Südtirol;;+39 0473 447325;https://www.clinicamarlengo.it/;Dr. Piervittorio Cantieri, Dr. Mauro Russo;automatica;run-scarto;;;OpenStreetMap (Overpass API, ODbL);https://www.openstreetmap.org/node/3711311815
praxis@tierklinik-tscherms.com;Tierklinik Tscherms - Clinica Veterinaria di Cermes;Veterinari;Merano;BZ;Trentino-Alto Adige/Südtirol;1;+39 0473565350;https://www.tierklinik-tscherms.com/;Dr. Piervittorio Cantieri, Dr. Mauro Russo;automatica;email;82;A;OpenStreetMap (Overpass API, ODbL);https://www.openstreetmap.org/node/8728558961
info@festaambvet.eu;Ambulatorio Veterinario Festa (Dott. Ezio Festa);Ambulatori veterinari;Bassano del Grappa;VI;Veneto;Vicolo Ca' Erizzo, 11 - 36061;+39 0424527912;http://www.festaambvet.eu;Dott. Ezio Festa;manuale;email;85;A;PagineBianche;https://www.paginebianche.it/ambulatorioveterinariofesta-bassanodelgrappa
info@bauhausbassano.com;Centro Cinofilo Bauhaus Bassano;Centri cinofili;Bassano del Grappa;VI;Veneto;Strada Sette Case, 100 - 36061;+39 3338105454;https://www.bauhausbassano.com;;manuale;email;84;A;Facebook;https://www.facebook.com/bauhausbassano/
info@lalashop.it;Lala' - Pet a Porter;Toelettature;Bassano del Grappa;VI;Veneto;Vicolo Da Ponte, 15 - 36061;+39 0424523972, +39 3480446837;http://www.lalashop.it;;manuale;email;86;A;BassanoDaScoprire / ToelettaturaPro;http://shopping.bassanodascoprire.eu/negozio.aspx?n=toelettaturalala
info@ambvetviafeltre.it;Ambulatorio Veterinario Via Feltre;Veterinari;Belluno;BL;Veneto;Via Feltre 75, 32100;+39 0437942412;https://www.ambvetviafeltre.it;;automatica;email;76;B;OpenStreetMap (Overpass API, ODbL);https://www.openstreetmap.org/node/9004231995
info@ospedaleveterinarioconegliano.eu;"Ospedale Veterinario ""Città di Conegliano""";Veterinari;Conegliano;TV;Veneto;;+39 043833566;http://www.ospedaleveterinarioconegliano.eu/;;automatica;email;68;B;OpenStreetMap (Overpass API, ODbL);https://www.openstreetmap.org/node/1062349599
ambulatorioveterinariopdvet@gmail.com;Ambulatorio Veterinario Padova Vet;Veterinari;Padova;PD;Veneto;;490492322187 (formato da verificare);;;automatica;email;54;C;OpenStreetMap (Overpass API, ODbL);https://www.openstreetmap.org/node/12576844998
info@allevamentodelpiccoloparadiso.it;Allevamento del Piccolo Paradiso;Allevatori;Valdagno;VI;Veneto;Via Baisocchi 5;+39 3494364096;http://www.allevamentodelpiccoloparadiso.it/;Mario Perissinotto;automatica;email;74;B;OpenStreetMap (Overpass API, ODbL);https://www.openstreetmap.org/node/7276462430
