business_name;category;subcategory;city;province;region;address;website;email;phone;instagram_username;instagram_url;facebook_url;contact_name;source;source_url;provenienza;data_quality;score;priority;notes;found_at;osm_id
Agrifarmavet - Farmacia Veterinaria, Zootecnica e Pet Shop;Agenzie e servizi dedicati agli animali domestici;Farmacia veterinaria, prodotti zootecnici e pet shop;Campobasso;CB;Molise;Contrada Nunziatella, Pal. A, primo piano - 86100;;agrifarmavet@gmail.com;+39 3482939034, +39 0865414910;;;;;PagineGialle;https://www.paginegialle.it/molise/campobasso/toelettatura_cane.html;manuale;69;63;C;Farmacia veterinaria: canale naturale per materiale informativo PetNote.;;
Allevamento delle Mura Antiche;Allevamenti professionali;"Selezione San Bernardo e Rottweiler (ENCI/FCI); anche pensione e dog sitting";Altamura;BA;Puglia;Via Pietro Colletta snc - 70022;http://www.allevamentirazze.it/sito/allevamento-delle-antiche-mura;vincenza35@hotmail.it;+39 3921116423;;;;;Cani.com;https://www.cani.com/attivita/allevamento-mura-antiche;manuale;77;73;B;Presente sia come allevamento sia come pensione su Cani.com.;;
Nella vecchia fattoria;Allevatori;;Vimercate;MB;Lombardia;Via della Fornace 1, 20862;;lucab93235@gmail.com;;;;https://www.facebook.com/nellavecchiafattoriaa;;OpenStreetMap (Overpass API, ODbL);https://www.openstreetmap.org/way/193440163;automatica;62;49;D;Fonte OpenStreetMap (ODbL). Dati di contatto come mappati in OSM: verificare prima di un eventuale contatto.;2026-09-17T02:54:45Z;193440163
Le betulle;Allevatori;;Saronno;VA;Lombardia;Via Armando Diaz 21, 20815;http://www.sailinruf.com/;"sailinruf@sailinruf.com;betulle@sailinruf.com";+39 029660030, +39 029661121;allevamentolebetulle;https://www.instagram.com/allevamentolebetulle/;https://www.facebook.com/allevamentobetulle/;Società agricola allevamento Le betulle S.R.L.;OpenStreetMap (Overpass API, ODbL);https://www.openstreetmap.org/way/385257355;automatica;92;89;A;Fonte OpenStreetMap (ODbL). Dati di contatto come mappati in OSM: verificare prima di un eventuale contatto.;2026-09-09T20:23:49Z;385257355
Allevamento del Piccolo Paradiso;Allevatori;;Valdagno;VI;Veneto;Via Baisocchi 5;http://www.allevamentodelpiccoloparadiso.it/;info@allevamentodelpiccoloparadiso.it;+39 3494364096;;;;Mario Perissinotto;OpenStreetMap (Overpass API, ODbL);https://www.openstreetmap.org/node/7276462430;automatica;77;74;B;Fonte OpenStreetMap (ODbL). Dati di contatto come mappati in OSM: verificare prima di un eventuale contatto.;2026-09-16T02:43:29Z;7276462430
Ambulatorio Veterinario Zama;Ambulatori veterinari;Cani, gatti e animali esotici (roditori, pappagalli, rettili, furetti);Faenza;RA;Emilia-Romagna;Via Boito, 18 - 48018;https://www.ambulatoriozama.it/;zenrico@yahoo.it;+39 0546661197;;;;Dr. Giuliano Zama (direttore sanitario);TuoVet;https://www.tuovet.it/scheda/ambulatorio-veterinario-zama/;manuale;85;85;A;Email come pubblicata nella scheda TuoVet. ⧉ Fonte OpenStreetMap (ODbL). Dati di contatto come mappati in OSM: verificare prima di un eventuale contatto.;;5564856423
Ambulatorio Veterinario Dr. Martino Cocca (Ambulatorio Crispi);Ambulatori veterinari;"Medicina e chirurgia cani, gatti e piccoli esotici; ecografia, RX, endoscopia; reperibilità notturna e festivi";Campobasso;CB;Molise;Via Alfredo Trombetta, 38/40/42 - 86100;https://coccaveterinario.bdf.land/;ambulatorio.crispi@libero.it;+39 0874483580, +39 3332411108;;;;Dr. Martino Cocca;Sito ufficiale / PagineBianche;https://coccaveterinario.bdf.land/;manuale;85;85;A;Reperibilità notturna/festivi dichiarata: punto di riferimento per urgenze.;;
Ambulatorio Veterinario Pezzuto e Piano;Ambulatori veterinari;;Campobasso;CB;Molise;Via Puglia, 6 - 86100;;pezzutoepiano@gmail.com;+39 3479461198;;;;"Dott. Pezzuto; Dott. Piano";PagineBianche;https://www.paginebianche.it/molise/campobasso/veterinari.html;manuale;69;68;B;Attenzione al possibile omonimo 'Pizzuto' (altra sede): schede distinte.;;
Ambulatorio Veterinario Associato Sant'Antonio (Dr. Felce e Mundula);Ambulatori veterinari;Ambulatorio con pronto soccorso, day hospital, terapia intensiva, degenza pre/post operatoria;Quartu Sant'Elena;CA;Sardegna;Via Olanda, 22 - 09045;;ambvetassociatosantantonio@gmail.com;+39 0704513334, +39 3313107470, +39 3337341680;;;;"Dr. Gianfranco Alfonsi; Dott.ssa Tasha Felce; Dr. Gianluigi Mundula";PagineGialle / Virgilio / Opendi;https://www.paginegialle.it/ambulatorioveterinarioquartusantelena;manuale;77;75;B;"Tre directory concordano; recensione positiva recente citata su Virgilio (5 giorni prima della ricerca).";;
Ambulatorio Veterinario Dr.ssa Elisabetta Innocenti;Ambulatori veterinari;Animali esotici: tartarughe e rettili;Empoli;FI;Toscana;Viale Giovanni Boccaccio, 161/C - 50053;;ambvetie@virgilio.it;+39 057182563;;;;Dr.ssa Elisabetta Innocenti;Tartapedia;https://tartapedia.it/veterinari-della-provincia-di-firenze-per-tartarughe-e-rettili/;manuale;77;74;B;Fonte specializzata (aggiornata 2024).;;
Ambulatorio Veterinario Festa (Dott. Ezio Festa);Ambulatori veterinari;"Dermatologia, ortopedia, cardiologia, oculistica, comportamentali; anche animali non convenzionali";Bassano del Grappa;VI;Veneto;Vicolo Ca' Erizzo, 11 - 36061;http://www.festaambvet.eu;info@festaambvet.eu;+39 0424527912;;;;Dott. Ezio Festa;PagineBianche;https://www.paginebianche.it/ambulatorioveterinariofesta-bassanodelgrappa;manuale;85;85;A;Visite comportamentali = sinergia diretta con PetNote. Orari pubblicati. Fuse le voci 'Dott. Ezio Festa' e 'Ambulatorio Veterinario Festa' (stesso indirizzo).;;
I Randagi di Isola di Capo Rizzuto;Associazioni animaliste;Recupero randagi e adozioni (anche al Nord Italia);Isola di Capo Rizzuto;KR;Calabria;;https://irandagidisola.it/;irandagidiisoladicaporizzuto@gmail.com;+39 3343019914, +39 3407269241;;;;;AnnunciAnimali.it;https://www.annuncianimali.it/regalo/cani/vicino-a-me/bassano-del-grappa-vicenza/;manuale;69;61;C;"Nuova copertura regionale Calabria (KR): emersa da annuncio nazionale di adozione. | Instagram: Instagram Direct attivo (handle da ricavare); Facebook: Facebook Messenger attivo";;
ENPA Faenza - Ente Nazionale Protezione Animali;Associazioni animaliste;Protezione animali, sterilizzazioni, sensibilizzazione scolastica, adozioni;Faenza;RA;Emilia-Romagna;Via Laderchi, 3 - 48018;http://www.rifugiodelcanefaenza.org;faenza@enpa.org;+39 0546661203;;;;;Rete civica R@cine (Provincia di Ravenna);https://www.racine.ra.it/Risorse/ODV-Organizzazioni-di-Volontariato/Tutela-e-promozione-dei-diritti/E.N.P.A.-Ente-Nazionale-Protezione-Animali-Faenza;manuale;77;69;B;Fonte istituzionale (rete civica provinciale): dati molto affidabili. ⧉ Struttura gestita da ENPA Faenza (stessa organizzazione, scheda separata per categoria canile).;;
ALFA - Associazione Love For Animals OdV;Associazioni animaliste;"Adozioni e contrasto al randagismo in collaborazione con il Comune di Tivoli; 400 adozioni in 5 anni";Tivoli;RM;Lazio;;https://associazione-alfa.org/;adozioni@associazione-alfa.org;+39 3296595516;;;;;Sito ufficiale + Comune di Tivoli + Doggami;https://associazione-alfa.org/tivoli-per-gli-animali-400-adozioni-in-soli-5-anni/;manuale;69;61;C;I recapiti corrispondono a quelli della mappa canili Doggami (verifica incrociata). Partner ideale per progetto adozioni.;;
L'Amico Fedele Onlus - Associazione di volontariato;Associazioni animaliste;Rifugio e adozioni;Cormano;MI;Lombardia;;http://www.lamicofedele.it;contatti@lamicofedele.it;;;;;;Doggami (mappa canili);https://doggami.it/mappa-canili/;manuale;62;43;D;Prima copertura Lombardia (MI): comune da confermare sul sito. | Nota sede: da confermare;;
A.N.P.A. Alba Langhe e Roero ODV;Associazioni animaliste;Tutela animali, adozioni dal rifugio convenzionato, sensibilizzazione nelle scuole;Alba;CN;Piemonte;Via San Frontiniano, 17 - 12051;;anpa-alba@tiscali.it;+39 3358129997;;;;;CSV Cuneo (Centro Servizi Volontariato);https://www.csvcuneo.it/a-n-p-a-alba-langhe-e-roero-odv/;manuale;69;55;C;Fonte istituzionale (CSV): dati affidabili. | Facebook: Facebook: Anpa Alba Langheroero;;
Lega Nazionale per la Difesa del Cane - Sezione di Altamura (LNDC Altamura);Associazioni animaliste;Adozioni, sterilizzazioni, tutela randagi;Altamura;BA;Puglia;"Sede legale: Viale Regina Margherita, 96/b - 70022; sede operativa: Contrada La Macchia";https://www.legadelcanealtamura.com/;lndc.altamura@gmail.com;+39 3398553058, +39 3349993833;;;;;Sito ufficiale;https://www.legadelcanealtamura.com/;manuale;77;69;B;Sito proprio con catalogo adozioni: buon livello di digitalizzazione per un'associazione.;;
Canile di Villotta di Chions;Canili;Rifugio canile;Chions;PN;Friuli-Venezia Giulia;Villotta (frazione di Chions);;info@rifugiodivillotta.org;+39 0434630420;;;;;Doggami (mappa canili);https://doggami.it/mappa-canili/;manuale;69;55;C;Prima copertura Friuli-Venezia Giulia.;;
Canile comunale di prima accoglienza di Alba;Canili;Canile comunale di prima accoglienza;Alba;CN;Piemonte;Località Toppino, 15 - 12051;;amicidizampa@tiscali.it;+39 0173362000, +39 3356915647;;;;;CercoCane.com;https://www.cercocane.com/canili-e-rifugi/piemonte-canili-e-rifugi/;manuale;69;58;C;Email amicidizampa: verificare se gestita da associazione convenzionata. Fonte aggiornata a dicembre 2024.;;
Centro Cinofilo Erika Striulli - ACAFOC SSD arl;Centri cinofili;"Educazione relazionale, rieducazione, pet therapy, zooantropologia; formazione educatori e operatori di canile; sedi sarde multiple";Quartu Sant'Elena;CA;Sardegna;Via Serra Perdosa, f.c. 60 - 09045;https://www.erikastriulli.it/;info@erikastriulli.it;+39 3497207357;;;;"Dott.ssa Erika Striulli; staff: Carlo Corrado, Michela Piseddu, Claudia Vacca";Sito ufficiale;https://www.erikastriulli.it/;manuale;85;83;A;Struttura formativa completa: potenziale partner di primo piano in Sardegna.;;
ASD Centro Cinofilo Il Lupo - Scuola di Educazione Cinofila;Centri cinofili;Educazione base/avanzata, puppy class, recupero comportamentale, attività assistite nelle scuole, agility;Empoli;FI;Toscana;"Via della Nave di Marcignana - 50053 (sede sito ufficiale); Cani.com riporta Via della Piovola, 61";https://www.lupocinofilia.it/;sauro.lupo@gmail.com;+39 3296118131;;;;Sauro Carraesi (addestratore ENCI, diploma SIUA);Sito ufficiale / Cani.com;https://www.lupocinofilia.it/educatore-cinofilo-firenze-empoli/;manuale;85;83;A;"Doppia sede indicata dalle fonti; le consulenze post-affido dal canile = sinergia diretta con PetNote.";;
Centro Cinofilo Bauhaus Bassano;Centri cinofili;Pensione per cani e percorsi di educazione;Bassano del Grappa;VI;Veneto;Strada Sette Case, 100 - 36061;https://www.bauhausbassano.com;info@bauhausbassano.com;+39 3338105454;;;https://www.facebook.com/bauhausbassano/;;Facebook;https://www.facebook.com/bauhausbassano/;manuale;85;84;A;Pagina FB recente (42 like) ma sito e email propri.;;
Pet Shop dello Ioio - Acquariologia, Pesca Sub, Uccelleria;Negozi per animali;Acquariologia, pesca sub, uccelleria;Vico Equense;NA;Campania;;;f.llidelloioio@libero.it;+39 3913681443;;;;F.lli Dello Ioio;PagineGialle;https://www.paginegialle.it/molise/campobasso/toelettatura_cane.html;manuale;69;49;D;Geolocalizzazione directory in penisola sorrentina (40.72N, 14.54E): comune da confermare (verosimilmente Vico Equense, NA). | Geocoordinate directory in penisola sorrentina: da confermare;;
NBA - Negozio di Animali Tivoli / Aquarium2000;Negozi per animali;"Prodotti per cani, gatti, roditori, uccelli, rettili e pesci; acquariologia";Tivoli;RM;Lazio;Viale Tomei, 91 - 00019;;monika-85@hotmail.it;+39 0774688913;;;https://www.facebook.com/p/Negozio-Di-Animali-Tivoli-Aquarium2000-100057279655066/;Monika (per email pubblica);Facebook;https://www.facebook.com/p/Negozio-Di-Animali-Tivoli-Aquarium2000-100057279655066/;manuale;85;76;B;Pagina FB attiva (ca. 1.200 like, aggiornamenti recenti).;;
Marchisio Giovanni di Marchisio Lorenza;Negozi per animali;"Agraria; alimenti e articoli per animali domestici e da cortile";Alba;CN;Piemonte;Corso Cortemilia, 100/C - 12051;;marchisio.giovanni@email.it;+39 0173441968, +39 0173449962;;;;Lorenza Marchisio;PagineGialle;https://www.paginegialle.it/piemonte/cn/negozi_di_animali.html;manuale;77;63;C;Email pubblica disponibile su directory.;;
Il Mondo di Pluto;Pensioni per animali;"Pensione per cani (20.000 mq) con box doppi, toelettatura e visite veterinarie; attiva da oltre 20 anni";Ricadi;VV;Calabria;Santa Domenica di Ricadi - 89836;;futuredililmondodipluto@gmail.com;+39 3498662784;;;;;Cani.com;https://www.cani.com/attivita/ilmondodipluto;manuale;69;63;C;Località turistica (Ricadi/Tropea): utile per partnership su soggiorni pet. | Localita' Santa Domenica di Ricadi;;
Azienda Agricola La Quercia;Pensioni per animali;;Limbiate;MB;Lombardia;Via Valcamonica 25/27, 20812;https://icanidellaquercia.it/;info@icanidellaquercia.it;+39 0299480508;;;https://www.facebook.com/icanidellaquercia;La quercia azienda agricola di Mara Guindani;OpenStreetMap (Overpass API, ODbL);https://www.openstreetmap.org/node/9233124592;automatica;85;87;A;Fonte OpenStreetMap (ODbL). Dati di contatto come mappati in OSM: verificare prima di un eventuale contatto.;2026-09-12T02:28:27Z;9233124592
Il Condomicio;Pensioni per animali;;Bollate;MI;Lombardia;Via Thomas Alva Edison 53a, 20026;http://www.ilcondomicio.it;ilcondomicio@gmail.com;+39 3248056013;;;;;OpenStreetMap (Overpass API, ODbL);https://www.openstreetmap.org/node/8586244183;automatica;69;74;B;Fonte OpenStreetMap (ODbL). Dati di contatto come mappati in OSM: verificare prima di un eventuale contatto.;2026-09-11T10:21:09Z;8586244183
L'Albergatto;Pensioni per animali;;Sesto San Giovanni;MI;Lombardia;;https://www.albergatto.com;albergatto.cusano@gmail.com;+39 3515464765;albergatto_cusano;https://www.instagram.com/albergatto_cusano/;;;OpenStreetMap (Overpass API, ODbL);https://www.openstreetmap.org/node/14137277401;automatica;69;74;B;Fonte OpenStreetMap (ODbL). Dati di contatto come mappati in OSM: verificare prima di un eventuale contatto.;2026-10-03T10:58:03Z;14137277401
Bao Miao Village;Pensioni per animali;;Saronno;VA;Lombardia;Via Vittorio Veneto 5, 20815;https://baomiaovillage.it/;info@baomiaovillage.it;+39 0296461205;;;;Bao Miao Village S.R.L.;OpenStreetMap (Overpass API, ODbL);https://www.openstreetmap.org/way/385257366;automatica;77;80;A;Fonte OpenStreetMap (ODbL). Dati di contatto come mappati in OSM: verificare prima di un eventuale contatto.;2026-09-09T20:23:49Z;385257366
La casa del cane - la casa dei gatti;Pensioni per animali;;Saronno;VA;Lombardia;Via Lainate 1179, 20045;"https://ondenere.it/pensione-cani/;https://ondenere.it/pensione-gatti/";ondenere@gmail.com;;;;https://www.facebook.com/Lacasadeigattipensione/;;OpenStreetMap (Overpass API, ODbL);https://www.openstreetmap.org/node/11513968345;automatica;69;69;B;Fonte OpenStreetMap (ODbL). Dati di contatto come mappati in OSM: verificare prima di un eventuale contatto.;2026-09-09T20:23:49Z;11513968345
Animalife - Pensione per animali;Pensioni per animali;Pensione per cani e gatti immersa nel verde del Roero;Vezza d'Alba;CN;Piemonte;Viale Artigianale - 12040;http://www.animalife.it/pensione.html;info@animalife.it;+39 3355443183, +39 3388370929;;;;;Sito ufficiale;http://www.animalife.it/pensione.html;manuale;77;81;A;Sito datato (2009) ma recapiti pubblici completi.;;
Apulia dog village;Pensioni per animali;;Bisceglie;BT;Puglia;;;iannisergio7701@gmail.com;+39 3458087815;;;https://www.facebook.com/profile.php?id=100090154815812;;OpenStreetMap (Overpass API, ODbL);https://www.openstreetmap.org/node/12294351217;automatica;62;59;C;Fonte OpenStreetMap (ODbL). Dati di contatto come mappati in OSM: verificare prima di un eventuale contatto.;2026-10-05T13:23:14Z;12294351217
Dog B&B;Pensioni per animali;;Misterbianco;CT;Sicilia;;;bandb2022@gmail.com;;;;;;OpenStreetMap (Overpass API, ODbL);https://www.openstreetmap.org/node/12990447160;automatica;46;40;D;Fonte OpenStreetMap (ODbL). Dati di contatto come mappati in OSM: verificare prima di un eventuale contatto.;2026-09-07T20:57:25Z;12990447160
L'Oasi - Pensione e rifugio per cani e gatti;Pensioni per animali;"Pensione a 360° con personale educatore/veterinario; ospita anche animali in adozione; courtesy kit per hotel";;;;;https://canileoasi.it/;info@canileoasi.it;+39 3899362371;;;;;IlMioCane.org;https://www.ilmiocane.org/attivita;manuale;46;69;B;"Sede da identificare; modello con convenzioni per degenze e adozioni molto compatibile con PetNote. | Instagram: Instagram presente (handle da ricavare dal sito)";;
Petville - Albergo per cani e gatti;Pet hotel;"Pensione per cani e gatti in campagna; attualmente operativa solo l'area gatti";Imola;BO;Emilia-Romagna;;https://petville.it/;alessandromarrani@hotmail.com;+39 054295389, +39 3334733438;;;;Alessandro Marrani;Sito ufficiale (pagina contatti verificata);https://petville.it/contatti/;manuale;77;76;B;"Prefisso 0542 e tagline 'provincia di Bologna' indicano zona Imola; indirizzo esatto non pubblicato in home. Il sito segnala: sezione cani momentaneamente chiusa, area gatti pienamente funzionante. | Nota sede: zona";;
Petzone;Pet shop;;Napoli;NA;Campania;Via Rocco Marco di Torrepadula 175, 80145;https://www.petzon.it/;info@petzon.it;+39 0817406535;;;;;OpenStreetMap (Overpass API, ODbL);https://www.openstreetmap.org/node/11150529348;automatica;69;71;B;Fonte OpenStreetMap (ODbL). Dati di contatto come mappati in OSM: verificare prima di un eventuale contatto.;2026-09-01T12:48:28Z;11150529348
Aquarium;Pet shop;;Scafati;SA;Campania;Via Nazionale 174, 84012;https://aquariumangri.it/;aquarium2007@libero.it;08119526889 (formato da verificare);;;https://www.facebook.com/aquarium.angri/;Antonio Pisacane;OpenStreetMap (Overpass API, ODbL);https://www.openstreetmap.org/node/12847531319;automatica;85;84;A;Fonte OpenStreetMap (ODbL). Dati di contatto come mappati in OSM: verificare prima di un eventuale contatto.;2026-09-07T02:13:01Z;12847531319
ABATE Pet & Garden;Pet shop;;Scafati;SA;Campania;Via Nazionale 114, 84012;;abateanna73@virgilio.it;;;;https://www.facebook.com/ProdottiAbateAnna/;Anna Abate;OpenStreetMap (Overpass API, ODbL);https://www.openstreetmap.org/node/12842234440;automatica;69;58;C;Fonte OpenStreetMap (ODbL). Dati di contatto come mappati in OSM: verificare prima di un eventuale contatto.;2026-09-07T02:13:01Z;12842234440
Benessere Animali Bologna;Pet shop;;Bologna;BO;Emilia-Romagna;Via delle Lame 39f, 40122;;info@benessereanimalibologna.it;;;;;;OpenStreetMap (Overpass API, ODbL);https://www.openstreetmap.org/node/4793771252;automatica;54;45;D;Fonte OpenStreetMap (ODbL). Dati di contatto come mappati in OSM: verificare prima di un eventuale contatto.;2026-09-01T12:53:31Z;4793771252
Moby Dick;Pet shop;;Latina;LT;Lazio;;https://www.moby-dick.it/;shop@moby-dick.it;07731751600 (formato da verificare);;;;;OpenStreetMap (Overpass API, ODbL);https://www.openstreetmap.org/node/10173068296;automatica;62;63;C;Fonte OpenStreetMap (ODbL). Dati di contatto come mappati in OSM: verificare prima di un eventuale contatto.;2026-10-01T22:17:03Z;10173068296
Palla di Pelo;Pet shop;"Pet store in centro a Tivoli; consegne a domicilio gratuite";Tivoli;RM;Lazio;Via Palatina, 51 - 00019;https://www.palladipelo.it/;manuela.arnetoli@yahoo.com;+39 3355421234;;;;Manuela Arnetoli;Sito ufficiale;https://www.palladipelo.it/;manuale;85;84;A;Servizio di consegna domiciliare: potenziale canale per materiali PetNote. | Facebook: Facebook (link dal sito);;
ZooAgricola;Pet shop;;Bergamo;BG;Lombardia;;;zooagricolagamba@libero.it;+39 035271977;;;;Zoo-Agricola S.N.C.;OpenStreetMap (Overpass API, ODbL);https://www.openstreetmap.org/node/7517726021;automatica;62;55;C;Fonte OpenStreetMap (ODbL). Dati di contatto come mappati in OSM: verificare prima di un eventuale contatto.;2026-09-02T15:52:00Z;7517726021
Happy Animal;Pet shop;;Monza;MB;Lombardia;Via Padre Ravasi 44, 20099;http://www.happy-animal.it/;happyanimal@libero.it;+39 0223167839;;;;;OpenStreetMap (Overpass API, ODbL);https://www.openstreetmap.org/node/4056310589;automatica;69;71;B;Fonte OpenStreetMap (ODbL). Dati di contatto come mappati in OSM: verificare prima di un eventuale contatto.;2026-10-01T22:14:37Z;4056310589
Amici Pelosi;Pet shop;;Monza;MB;Lombardia;Via Palestro 7b, 20900;http://www.amicipelosimonza.it/;cinzia.greco85@virgilio.it;+39 0392305041;;;;;OpenStreetMap (Overpass API, ODbL);https://www.openstreetmap.org/node/2505279811;automatica;69;71;B;Fonte OpenStreetMap (ODbL). Dati di contatto come mappati in OSM: verificare prima di un eventuale contatto.;2026-10-01T22:14:37Z;2505279811
Tre C;Pet shop;;Monza;MB;Lombardia;Viale Umberto I 5, 20900;http://www.trecacquari.com/;tre.c.acquari@tiscali.it;+39 039328470;;;;;OpenStreetMap (Overpass API, ODbL);https://www.openstreetmap.org/node/4003123409;automatica;69;71;B;Fonte OpenStreetMap (ODbL). Dati di contatto come mappati in OSM: verificare prima di un eventuale contatto.;2026-10-01T22:14:37Z;4003123409
Barriera Corallina;Pet shop;;Monza;MB;Lombardia;Via San Rocco 83, 20851;http://lnx.barrieracorallina.it/prestashop/;online@barrieracorallina.it;+39 039480783;;;;;OpenStreetMap (Overpass API, ODbL);https://www.openstreetmap.org/node/4728879797;automatica;69;71;B;Fonte OpenStreetMap (ODbL). Dati di contatto come mappati in OSM: verificare prima di un eventuale contatto.;2026-10-01T22:14:37Z;4728879797
OasiPet;Pet shop;;Monza;MB;Lombardia;Via Milano 3, 20847;http://www.oasipet.it/i-punti-vendita/albiate.html;info@oasipet.it;+39 0362931935;;;;;OpenStreetMap (Overpass API, ODbL);https://www.openstreetmap.org/node/3337923986;automatica;69;71;B;Fonte OpenStreetMap (ODbL). Dati di contatto come mappati in OSM: verificare prima di un eventuale contatto.;2026-10-01T22:14:37Z;3337923986
Ukkia;Pet shop;;Bollate;MI;Lombardia;;;ukkiapet@gmail.com;+39 3249595599;ukkia_pet_shop;https://www.instagram.com/ukkia_pet_shop/;;;OpenStreetMap (Overpass API, ODbL);https://www.openstreetmap.org/node/8688123853;automatica;62;57;C;Fonte OpenStreetMap (ODbL). Dati di contatto come mappati in OSM: verificare prima di un eventuale contatto.;2026-09-11T10:21:09Z;8688123853
Paradiso Piccoli Amici;Pet shop;;Bollate;MI;Lombardia;;;info@paradisopiccoliamici.it;;;;;;OpenStreetMap (Overpass API, ODbL);https://www.openstreetmap.org/node/7900710690;automatica;46;37;D;Fonte OpenStreetMap (ODbL). Dati di contatto come mappati in OSM: verificare prima di un eventuale contatto.;2026-09-11T10:21:09Z;7900710690
Leoshop;Pet shop;;Legnano;MI;Lombardia;Via Fratelli Bandiera 49, 20039;http://www.leoshop.it;info@leoshop.it;+39 3472632726;;;;;OpenStreetMap (Overpass API, ODbL);https://www.openstreetmap.org/node/6057147302;automatica;69;71;B;Fonte OpenStreetMap (ODbL). Dati di contatto come mappati in OSM: verificare prima di un eventuale contatto.;2026-09-05T14:23:11Z;6057147302
La Barf;Pet shop;;Sesto San Giovanni;MI;Lombardia;Via Adriano 94, 20128;https://www.labarf.it/negozi;info@labarf.it;+39 0298994757;la_barf;https://www.instagram.com/la_barf/;https://it-it.facebook.com/LaBARFmilano/;;OpenStreetMap (Overpass API, ODbL);https://www.openstreetmap.org/node/4917757623;automatica;85;86;A;Fonte OpenStreetMap (ODbL). Dati di contatto come mappati in OSM: verificare prima di un eventuale contatto.;2026-10-03T10:58:03Z;4917757623
Zoovet;Pet shop;;Varese;VA;Lombardia;Viale dell'Ippodromo 57, 21100;https://www.zoovetsrl.it;info.varese@zoovetsrl.it;;zoovetsrl;https://www.instagram.com/zoovetsrl/;https://www.facebook.com/Zoovet1986/;Zoovet S.r.l.;OpenStreetMap (Overpass API, ODbL);https://www.openstreetmap.org/node/12473609834;automatica;85;80;A;Fonte OpenStreetMap (ODbL). Dati di contatto come mappati in OSM: verificare prima di un eventuale contatto.;2026-09-03T20:27:04Z;12473609834
Passione Animali megastore;Pet shop;;Fano;PU;Marche;Via Luigi Einaudi 70, 61032;http://www.petshopfanopassioneanimali.it/;info@passioneanimali.net;;;;;;OpenStreetMap (Overpass API, ODbL);https://www.openstreetmap.org/node/7684087374;automatica;62;59;C;Fonte OpenStreetMap (ODbL). Dati di contatto come mappati in OSM: verificare prima di un eventuale contatto.;2026-10-04T11:40:04Z;7684087374
FidoMania;Pet shop;;Pesaro;PU;Marche;Via Flaminia 141, 61122;https://www.fidomania.com/;info@fidomania.com;+39 0721392208;;;;;OpenStreetMap (Overpass API, ODbL);https://www.openstreetmap.org/node/9091252294;automatica;69;71;B;Fonte OpenStreetMap (ODbL). Dati di contatto come mappati in OSM: verificare prima di un eventuale contatto.;2026-10-02T17:13:30Z;9091252294
Agraria Parmignola Srls;Pet shop;;Carrara;MS;Toscana;Via provinciale Avenza-Sarzana 168, 54033;;agraria.parmignola@gmail.com;+39 0585858383;;;;;OpenStreetMap (Overpass API, ODbL);https://www.openstreetmap.org/node/4934121853;automatica;62;57;C;Fonte OpenStreetMap (ODbL). Dati di contatto come mappati in OSM: verificare prima di un eventuale contatto.;2026-09-05T02:17:51Z;4934121853
Toelettatura C'è un pelo di troppo;Pet shop;;Trento;TN;Trentino-Alto Adige/Südtirol;Via Dòs Trento 48, 38122;https://www.peloditroppo.it/;peloditroppo@hotmail.it;+39 0461829819;;;;;OpenStreetMap (Overpass API, ODbL);https://www.openstreetmap.org/node/11222028215;automatica;69;71;B;Fonte OpenStreetMap (ODbL). Dati di contatto come mappati in OSM: verificare prima di un eventuale contatto.;2026-10-02T03:26:11Z;11222028215
Ciao Nini;Pet shop;;Trento;TN;Trentino-Alto Adige/Südtirol;Via Calepina 33, 38122;;marinamalpaga@hotmail.com;+39 3471917095;;;https://www.facebook.com/CiaoNiniTrento/;;OpenStreetMap (Overpass API, ODbL);https://www.openstreetmap.org/node/853841395;automatica;69;64;C;Fonte OpenStreetMap (ODbL). Dati di contatto come mappati in OSM: verificare prima di un eventuale contatto.;2026-10-02T03:26:11Z;853841395
A.M.A. Faenza - Associazione Musetti Abbandonati;Rifugi per animali;Oasi felina, gattile, adozioni gatti;Faenza;RA;Emilia-Romagna;Corso Mazzini, 52/5 - 48018;https://www.amafaenza.it/;amafaenza@gmail.com;+39 3534516211;;;;;Sito ufficiale;https://www.amafaenza.it/;manuale;77;72;B;Sito attivo con catalogo adozioni (pagina aggiornata 2026).;;
Il maialino verde;Rifugi per animali;;Marino;RM;Lazio;;;gianluca5577@hotmail.com;+39 3317058886;;;https://www.facebook.com/ilmaialinoverde/;;OpenStreetMap (Overpass API, ODbL);https://www.openstreetmap.org/node/8850756856;automatica;62;51;C;Fonte OpenStreetMap (ODbL). Dati di contatto come mappati in OSM: verificare prima di un eventuale contatto.;2026-09-10T02:26:43Z;8850756856
Rifugio Fondazione Prelz;Rifugi per animali;Rifugio e adozioni;Roma;RM;Lazio;;http://www.adottauncane.it;fondazioneprelzonlus@yahoo.it;+39 069041448;;;;;Doggami (mappa canili);https://doggami.it/mappa-canili/;manuale;69;58;C;Zona esatta da confermare;;
Associazione Felini Felici Onlus;Rifugi per animali;;Savona;SV;Liguria;;https://www.felinifelici.it/;feinifelici@libero.it;+39 3477801155;;;;;OpenStreetMap (Overpass API, ODbL);https://www.openstreetmap.org/way/392064909;automatica;62;58;C;Fonte OpenStreetMap (ODbL). Dati di contatto come mappati in OSM: verificare prima di un eventuale contatto.;2026-10-04T16:17:41Z;392064909
Vitadacani - Parcocanile di Arese;Rifugi per animali;;Bollate;MI;Lombardia;;https://www.vitadacani.org/;"vitadacani@vitadacani.org;";+39 3490581076;;;;Vitadacani ODV;OpenStreetMap (Overpass API, ODbL);https://www.openstreetmap.org/way/967053397;automatica;69;64;C;Fonte OpenStreetMap (ODbL). Dati di contatto come mappati in OSM: verificare prima di un eventuale contatto.;2026-09-11T10:21:09Z;967053397
Lega nazionale per la difesa del cane sezione di Milano;Rifugi per animali;;Pioltello;MI;Lombardia;Via Martiri di Cefalonia 18, 20054;https://legadelcanemi.it/;rifugio@legadelcanemi.it;+39 022137864;;;;Lega nazionale per la difesa del cane;OpenStreetMap (Overpass API, ODbL);https://www.openstreetmap.org/node/13355202591;automatica;77;72;B;Fonte OpenStreetMap (ODbL). Dati di contatto come mappati in OSM: verificare prima di un eventuale contatto.;2026-09-11T15:38:33Z;13355202591
Mondo Gatto;Rifugi per animali;;San Giuliano Milanese;MI;Lombardia;Via Gela, 20097;https://www.mondogattosandonato.com/;mondogattosandonato@gmail.com;;;;https://www.facebook.com/Mondo-Gatto-San-Donato-175745935803448/;Mondo Gatto;OpenStreetMap (Overpass API, ODbL);https://www.openstreetmap.org/node/13197935950;automatica;77;67;B;Fonte OpenStreetMap (ODbL). Dati di contatto come mappati in OSM: verificare prima di un eventuale contatto.;2026-09-11T02:20:27Z;13197935950
"Rifugio del cane ""Mariuccia Bono""";Rifugi per animali;;Vigevano;PV;Lombardia;;;canilevigevano@gmail.com;+39 038140242;;;;A.D.A.I. Onlus;OpenStreetMap (Overpass API, ODbL);https://www.openstreetmap.org/way/220130593;automatica;62;50;C;Fonte OpenStreetMap (ODbL). Dati di contatto come mappati in OSM: verificare prima di un eventuale contatto.;2026-10-04T16:22:08Z;220130593
Rifugio Elia;Rifugi per animali;;Busto Arsizio;VA;Lombardia;;https://www.aparodv.com/;associazione@aparodv.com;+39 3383020159;;;;APAR - Associazione Piccoli Animali Randagi;OpenStreetMap (Overpass API, ODbL);https://www.openstreetmap.org/way/294355946;automatica;69;64;C;Fonte OpenStreetMap (ODbL). Dati di contatto come mappati in OSM: verificare prima di un eventuale contatto.;2026-10-03T10:56:10Z;294355946
Colonia felina associazione Osiride;Rifugi per animali;;Fano;PU;Marche;;http://igattidiosiride.it/;info@igattidiosiride.it;+39 3209281066;;;;Associazione Osiride Onlus;OpenStreetMap (Overpass API, ODbL);https://www.openstreetmap.org/way/547728245;automatica;69;64;C;Fonte OpenStreetMap (ODbL). Dati di contatto come mappati in OSM: verificare prima di un eventuale contatto.;2026-10-04T11:40:04Z;547728245
Rifugio Dei Cameri;Rifugi per animali;;Cameri;NO;Piemonte;;;sabrina@ara-ricambi.it;+39 3398380232;;;;Sabrina;Doggami (mappa canili);https://doggami.it/mappa-canili/;manuale;62;50;C;Email di dominio aziendale (ara-ricambi): verificare referente. Nuova copertura provincia di Novara.;;
Rifugio Ramondetti-Cassardo;Rifugi per animali;Rifugio cani e gatti;Trofarello;TO;Piemonte;;http://www.rifugiotrofarello.org;posta@rifugiotrofarello.org;+39 0116497404, 01166497409 (formato da verificare);;;;;Doggami (mappa canili);https://doggami.it/mappa-canili/;manuale;69;61;C;"Gli stessi numeri compaiono per il 'Gattile Nati Liberi' (altra fonte): probabile stessa organizzazione o struttura collegata; verificare.";;
Associazione Rifugio a Quattro Zampe;Rifugi per animali;"Rifugio per cani e gatti; adozioni";Altamura;BA;Puglia;Zona Monteverde - 70022 (indirizzo FB grezzo: 'Sce 32 Monteverde');https://linktr.ee/rifugioaquattrozampe;rifugioaquattrozampe@gmail.com;+39 3929286955;;;https://www.facebook.com/p/Associazione-rifugioaquattrozampe-100069996459854/;;Facebook;https://www.facebook.com/p/Associazione-rifugioaquattrozampe-100069996459854/;manuale;85;82;A;Pagina Facebook molto attiva (ca. 9.900 like, post recenti): ottima base per partnership sulle adozioni.;;
Dog Village A.C.A.E.;Rifugi per animali;Rifugio/canile associazione;Mascalucia;CT;Sicilia;Via Libertà, 7 - 95030;;acae-dogvillage@hotmail.it;+39 3338607088;;;;;CercoCane.com;https://www.cercocane.com/canili-e-rifugi/sicilia-canili-e-rifugi/;manuale;69;58;C;"Nuova copertura comune Mascalucia; fonte dicembre 2024.";;
Aristogatti - Gattile di Empoli;Rifugi per animali;"Gattile e associazione di volontariato; gestione colonie feline dal 1996";Empoli;FI;Toscana;Via Ettore Majorana - 50053;https://www.aristogattiempoli.org/;info@aristogatti.org;+39 3383244769;;;https://www.facebook.com/aristogatti.org;;SeguiLeOrme / Facebook;https://www.seguileorme.it/servizi-per-animali/aristogatti/;manuale;85;82;A;Facebook con oltre 16.000 like e orari di apertura pubblici: associazione molto digitale, ottima per partnership su adozioni.;;
Canile di Trento;Rifugi per animali;;Trento;TN;Trentino-Alto Adige/Südtirol;Via Centa 7, 38121;http://www.legadelcanetrento.it/;info@legadelcane.tn.it;+39 0461420090;;;https://www.facebook.com/caniletrento/;;OpenStreetMap (Overpass API, ODbL);https://www.openstreetmap.org/way/694976629;automatica;77;73;B;Fonte OpenStreetMap (ODbL). Dati di contatto come mappati in OSM: verificare prima di un eventuale contatto.;2026-10-02T03:26:11Z;694976629
Centro Felix;Rifugi per animali;;Trento;TN;Trentino-Alto Adige/Südtirol;Vicolo dei Gaudenti 10, 38122;http://www.centrofelix.it;centro@centrofelix.it;+39 0461981481;;;;;OpenStreetMap (Overpass API, ODbL);https://www.openstreetmap.org/node/1220020579;automatica;69;66;B;Fonte OpenStreetMap (ODbL). Dati di contatto come mappati in OSM: verificare prima di un eventuale contatto.;2026-10-02T03:26:11Z;1220020579
Gattile Pan - Eppa;Rifugi per animali;;Trento;TN;Trentino-Alto Adige/Südtirol;Via San Martino 23, 38122;;gattilepantn@outlook.it;+39 0461232810;;;;Ente Nazionale Protezione Animali - Trentino;OpenStreetMap (Overpass API, ODbL);https://www.openstreetmap.org/node/3495522104;automatica;69;58;C;Fonte OpenStreetMap (ODbL). Dati di contatto come mappati in OSM: verificare prima di un eventuale contatto.;2026-10-02T03:26:11Z;3495522104
Agrilia;Rifugi per animali;;Perugia;PG;Umbria;Strada Ponte Pattoli - Monte Bello 2;http://www.agrilia.it;agrilia@agrilia.it;+39 0756940287;;;;;OpenStreetMap (Overpass API, ODbL);https://www.openstreetmap.org/node/5406264935;automatica;69;66;B;Fonte OpenStreetMap (ODbL). Dati di contatto come mappati in OSM: verificare prima di un eventuale contatto.;2026-10-01T03:26:56Z;5406264935
Rifugio LAPA;Rifugi per animali;;;;;;;megdambrosio@gmail.com;+39 3204418463, +39 3382834789;;;;;Doggami (mappa canili);https://doggami.it/mappa-canili/;manuale;31;41;D;"Recapiti pubblici presenti; geolocalizzazione da integrare.";;
Dog's Place - Toeletta & Asilo a 4 Zampe;Servizi di pet care;Toelettatura, asilo e pensione per cani;Brunico;BZ;Trentino-Alto Adige;;http://www.dogsplace.it;info@dogsplace.it;+39 0474772831, +39 3457450511;;;;;IlMioCane.org;https://www.ilmiocane.org/attivita/categoria/dog-sitter-asili-e-pensioni-per-cani;manuale;69;57;C;Prefisso 0474 (Alto Adige): comune da confermare. Prima copertura Trentino-Alto Adige. | Zona da confermare (prefisso 0474 Val Pusteria);;
NewDog Beauty Center - Vomero;Toelettature;"Toelettatura professionale, SPA ozono, ultrasuoni dentali; dog sitter, taxi dog, pensione con parco giochi, corsi";Napoli;NA;Campania;;https://www.newdog.it/;newdogcenter@gmail.com;+39 3476788633;;;;;Sito ufficiale;https://www.newdog.it/;manuale;69;66;B;"Offerta multiservizio molto ampia; ottimo candidato partnership anche per eventi (birthday party per cani). | Nota sede: quartiere Vomero; Instagram: Instagram presente (link nel sito); Facebook: Facebook presente (link nel sito)";;
Beauty Pets;Toelettature;;Salerno;SA;Campania;Via Michelangelo Schipa 15, 84125;https://www.beautypets.it;info@beautypets.it;+39 0892966027;;;;;OpenStreetMap (Overpass API, ODbL);https://www.openstreetmap.org/node/7389616337;automatica;69;71;B;Fonte OpenStreetMap (ODbL). Dati di contatto come mappati in OSM: verificare prima di un eventuale contatto.;2026-09-02T10:20:33Z;7389616337
Clean Dog Tivoli;Toelettature;Lavaggio self-service cani e gatti con macchinario dedicato;Tivoli;RM;Lazio;Via Due Giugno, 7/D - 00019;https://www.cleandogtivoli.com/;cleandog.tivoli@outlook.com;+39 3339485988;;;;;Sito ufficiale;https://www.cleandogtivoli.com/en/about;manuale;77;74;B;Sito multilingua: approccio moderno.;;
Toelé;Toelettature;;Limbiate;MB;Lombardia;Via Giuseppe Garibaldi 26, 20811;https://www.toele.it/;cesanomaderno@toele.it;+39 3520416576;;;;Toelé;OpenStreetMap (Overpass API, ODbL);https://www.openstreetmap.org/node/13395239946;automatica;77;77;B;Fonte OpenStreetMap (ODbL). Dati di contatto come mappati in OSM: verificare prima di un eventuale contatto.;2026-09-12T02:28:27Z;13395239946
Hobby Fauna;Toelettature;;Limbiate;MB;Lombardia;Via Attilio Confalonieri 38, 20822;https://www.hobbyfauna.it/;"info@hobbyfauna.it;hobbyfauna22@gmail.com";+39 0362500386;;;;Alberto e Andrea Cozzani;OpenStreetMap (Overpass API, ODbL);https://www.openstreetmap.org/node/5760498139;automatica;77;77;B;Fonte OpenStreetMap (ODbL). Dati di contatto come mappati in OSM: verificare prima di un eventuale contatto.;2026-09-12T02:28:27Z;5760498139
Dogtorhouse;Toelettature;;Monza;MB;Lombardia;Via Cesare Cantù 8, 20900;;info@dogtorhouse.pet;;;;https://www.facebook.com/Dogtorhousemonza/;;OpenStreetMap (Overpass API, ODbL);https://www.openstreetmap.org/node/13702516695;automatica;62;52;C;Fonte OpenStreetMap (ODbL). Dati di contatto come mappati in OSM: verificare prima di un eventuale contatto.;2026-10-01T22:14:37Z;13702516695
Love Pet Toelettatura e Spa;Toelettature;"Toelettatura e SPA per cani e gatti; ozonoterapia; preparazione show";Vezza d'Alba;CN;Piemonte;Via Torino, 33 - 12040;https://www.lovepettoelettatura.it/;info@lovepettoelettatura.it;+39 3470430712;;;;Simona Murano;Sito ufficiale;https://www.lovepettoelettatura.it/;manuale;85;80;A;Sito completo con modulo di contatto: alta digitalizzazione.;;
L'Oasi di Rex;Toelettature;"Toelettatura cani + pet store alimenti; self-service";Altamura;BA;Puglia;Via Isernia, 10 - 70022;https://loasidirex.it/;vitosabrina.vs@gmail.com;+39 3280274685;;;;Sabrina Vito;Sito ufficiale;https://loasidirex.it/;manuale;85;80;A;Il nome della referente deriva dall'email pubblica del sito (vitosabrina.vs).;;
VIRÒ Grooming (Virò Dog Grooming);Toelettature;Toelettatura professionale cani;Altamura;BA;Puglia;Via Carpentino, 158 - 70022;https://www.virodog.it/;virodoggrooming@gmail.com;+39 3287777017;;;;;Sito ufficiale;https://www.virodog.it/;manuale;77;78;B;Sito moderno con prenotazione online: alto potenziale di digitalizzazione.;;
Barber Dog Toelettatura;Toelettature;;Palermo;PA;Sicilia;Viale Croce Rossa 128, 90145;http://www.barberdog.it;rosario.delmonte@icloud.com;+39 3294116013;;;;;OpenStreetMap (Overpass API, ODbL);https://www.openstreetmap.org/node/5431070022;automatica;69;71;B;Fonte OpenStreetMap (ODbL). Dati di contatto come mappati in OSM: verificare prima di un eventuale contatto.;2026-09-30T11:46:23Z;5431070022
Bolle & Cucce;Toelettature;"Toelettatura cani e gatti; nuova pensione per gatti con ricoveri singoli; lavaggio self-service";Empoli;FI;Toscana;Via Guido Monaco, 57 - 50053;http://bolleecucce.it;bolleecucce@gmail.com;+39 3398803542;;;https://www.facebook.com/p/BOLLE-CUCCE-100063648502056/;Cristina Perugi (per directory GLOBElife);Facebook / Quotalo / GLOBElife;https://www.facebook.com/p/BOLLE-CUCCE-100063648502056/;manuale;92;97;A+;FB ca. 900 like, 96% raccomandazioni (23 recensioni). La scheda GLOBElife 'Perugi Cristina' condivide indirizzo e servizi: stessa attività.;;
Wash Dog Siena;Toelettature;;Siena;SI;Toscana;Strada Massetana Romana 54, 53100;https://www.washdog.store/siena252/;siracusa@washdog.it;+39 3313680004;;;;;OpenStreetMap (Overpass API, ODbL);https://www.openstreetmap.org/node/12033484583;automatica;69;71;B;Fonte OpenStreetMap (ODbL). Dati di contatto come mappati in OSM: verificare prima di un eventuale contatto.;2026-09-06T14:47:41Z;12033484583
Pet's Club;Toelettature;;Trento;TN;Trentino-Alto Adige/Südtirol;Via Felice e Gregorio Fontana 5/1, 38122;http://www.petsclub.tn.it/;info@petsclub.tn.it;+39 0461830307;;;;;OpenStreetMap (Overpass API, ODbL);https://www.openstreetmap.org/node/3849792225;automatica;69;71;B;Fonte OpenStreetMap (ODbL). Dati di contatto come mappati in OSM: verificare prima di un eventuale contatto.;2026-10-02T03:26:11Z;3849792225
La carica dei 101;Toelettature;;Trento;TN;Trentino-Alto Adige/Südtirol;Via Giulio Catoni 76, 38123;;petlacaricadei101@gmail.com;+39 3888537345;;;;;OpenStreetMap (Overpass API, ODbL);https://www.openstreetmap.org/node/10607633316;automatica;62;57;C;Fonte OpenStreetMap (ODbL). Dati di contatto come mappati in OSM: verificare prima di un eventuale contatto.;2026-10-02T03:26:11Z;10607633316
Lala' - Pet a Porter;Toelettature;"Boutique e toelettatura cani e gatti; dog taxi; dal 2010";Bassano del Grappa;VI;Veneto;Vicolo Da Ponte, 15 - 36061;http://www.lalashop.it;info@lalashop.it;+39 0424523972, +39 3480446837;;;;;BassanoDaScoprire / ToelettaturaPro;http://shopping.bassanodascoprire.eu/negozio.aspx?n=toelettaturalala;manuale;77;86;A;Rating 4,9 su 114 recensioni su ToelettaturaPro.;;
L'Arca di Noé;Veterinari;;Chieti;CH;Abruzzo;;https://www.clinicalarcadinoe.it/;clinicalarcadinoe@gmail.com;;;;https://www.facebook.com/arcadinoeclinicavet;;OpenStreetMap (Overpass API, ODbL);https://www.openstreetmap.org/node/13700892096;automatica;62;63;C;Fonte OpenStreetMap (ODbL). Dati di contatto come mappati in OSM: verificare prima di un eventuale contatto.;2026-09-06T14:53:02Z;13700892096
Parafarmacia La Veterinaria;Veterinari;;Montesilvano;PE;Abruzzo;Via Caravaggio 261, 65125;https://www.parafarmacialaveterinaria.com;info@parafarmacialaveterinaria.com;+39 3908572948;;;;Dr.Rossetti;OpenStreetMap (Overpass API, ODbL);https://www.openstreetmap.org/node/8274468410;automatica;77;82;A;Fonte OpenStreetMap (ODbL). Dati di contatto come mappati in OSM: verificare prima di un eventuale contatto.;2026-09-06T19:52:37Z;8274468410
Ambulatorio Veterinario Viale Kennedy;Veterinari;;Pescara;PE;Abruzzo;Viale Kennedy 98,100, 65123;https://www.vetvialekennedy.it/;vetvialekennedy@gmail.com;+39 3472544094;;;https://www.facebook.com/VetVialeKennedy;;OpenStreetMap (Overpass API, ODbL);https://www.openstreetmap.org/node/8466127355;automatica;77;83;A;Fonte OpenStreetMap (ODbL). Dati di contatto come mappati in OSM: verificare prima di un eventuale contatto.;2026-09-02T15:47:48Z;8466127355
Animal Care Clinica Veterinaria;Veterinari;;Nocera Inferiore;SA;Campania;Via Raffaele Libroia 80, 84014;https://www.animalcaresrl.it/;info@animalcaresrl.it;+39 081918397;clinicaveterinariaanimalcare;https://www.instagram.com/clinicaveterinariaanimalcare/;https://www.facebook.com/animalcarenocerainferiore/;Dott. Saverio Giordano;OpenStreetMap (Overpass API, ODbL);https://www.openstreetmap.org/node/12663536970;automatica;92;97;A+;Fonte OpenStreetMap (ODbL). Dati di contatto come mappati in OSM: verificare prima di un eventuale contatto.;2026-09-08T02:23:01Z;12663536970
Ambulatorio Veterinario Guidotti;Veterinari;;Bologna;BO;Emilia-Romagna;Via Alessandro Guidotti 40a, 40134;https://www.facebook.com/Ambulatorio-Veterinario-Guidotti-101227044772600;ambvetguidotti@gmail.com;+39 3491007581;;;;Lega del cane;OpenStreetMap (Overpass API, ODbL);https://www.openstreetmap.org/node/4793750758;automatica;77;82;A;Fonte OpenStreetMap (ODbL). Dati di contatto come mappati in OSM: verificare prima di un eventuale contatto.;2026-09-01T12:53:31Z;4793750758
Clinica Veterinaria San Francesco;Veterinari;;Imola;BO;Emilia-Romagna;Via Massimo Villa 24b, 40026;https://www.clinicaveterinariaimola.it/;sanfrancescovet@libero.it;+39 054241742;;;https://www.facebook.com/Clinica-Veterinaria-San-Francesco-Imola-176362212516791/;;OpenStreetMap (Overpass API, ODbL);https://www.openstreetmap.org/node/3053303340;automatica;77;83;A;Fonte OpenStreetMap (ODbL). Dati di contatto come mappati in OSM: verificare prima di un eventuale contatto.;2026-09-04T15:43:20Z;3053303340
Clinica Veterinaria Porta Schiavonia;Veterinari;;Forlì;FC;Emilia-Romagna;Corso Giuseppe Garibaldi 304;http://www.psvet.it/;ambvet.schiavonia@gmail.com;+39 054326261;;;https://www.facebook.com/Clinica-Veterinaria-Porta-Schiavonia-158170924889429/;;OpenStreetMap (Overpass API, ODbL);https://www.openstreetmap.org/node/4766292040;automatica;77;83;A;Fonte OpenStreetMap (ODbL). Dati di contatto come mappati in OSM: verificare prima di un eventuale contatto.;2026-09-02T15:49:00Z;4766292040
Ambulatorio Veterinario Silver;Veterinari;;Forlì;FC;Emilia-Romagna;Via Rubicone 2;https://www.ambulatorioveterinariosilver.it/;info@ambulatorioveterinariosilver.it;+39 3893143308;;;https://www.facebook.com/ambvetsilver/;;OpenStreetMap (Overpass API, ODbL);https://www.openstreetmap.org/node/4766464665;automatica;77;83;A;Fonte OpenStreetMap (ODbL). Dati di contatto come mappati in OSM: verificare prima di un eventuale contatto.;2026-09-02T15:49:00Z;4766464665
Ambulatori Veterinari Modenesi;Veterinari;;Modena;MO;Emilia-Romagna;Strada Morane 500/45, 41126;https://www.ambulatori-veterinari-modenesi.com/la-rotonda;ambulatoriolarotonda@gmail.com;+39 0593094049;;;;;OpenStreetMap (Overpass API, ODbL);https://www.openstreetmap.org/way/416724585;automatica;69;76;B;Fonte OpenStreetMap (ODbL). Dati di contatto come mappati in OSM: verificare prima di un eventuale contatto.;2026-10-01T03:25:44Z;416724585
Dr Revelli Fausto;Veterinari;;Correggio;RE;Emilia-Romagna;;https://www.ambulatorioveterinariorevelli.it/;studio.veterinario.bagnolo@gmail.com;+39 0522693196;;;;;OpenStreetMap (Overpass API, ODbL);https://www.openstreetmap.org/node/11663790317;automatica;62;68;B;Fonte OpenStreetMap (ODbL). Dati di contatto come mappati in OSM: verificare prima di un eventuale contatto.;2026-09-17T10:51:16Z;11663790317
Ambulatorio Veterinario Cigarini Davoli Gherardi Montanari Poli;Veterinari;;Scandiano;RE;Emilia-Romagna;Piazza Giovanni XXIII 4B, 42019;;ambvet.scandiano@gmail.com;+39 0522855244;;;;;OpenStreetMap (Overpass API, ODbL);https://www.openstreetmap.org/node/3519678182;automatica;62;62;C;Fonte OpenStreetMap (ODbL). Dati di contatto come mappati in OSM: verificare prima di un eventuale contatto.;2026-09-17T15:59:18Z;3519678182
Vega;Veterinari;;Rimini;RN;Emilia-Romagna;Via Vega 63, 47923;;veterinariovega@yahoo.it;+39 0541777709;;;;;OpenStreetMap (Overpass API, ODbL);https://www.openstreetmap.org/node/2718198058;automatica;62;62;C;Fonte OpenStreetMap (ODbL). Dati di contatto come mappati in OSM: verificare prima di un eventuale contatto.;2026-09-02T10:19:36Z;2718198058
Clinica Veterinaria Timavo;Veterinari;;Monfalcone;GO;Friuli-Venezia Giulia;Via Timavo 74, 34074;https://www.clinicatimavo.com/;info@clinicatimavo.com;+39 0481412390, 33388889909 (formato da verificare);;;;;OpenStreetMap (Overpass API, ODbL);https://www.openstreetmap.org/node/3652804483;automatica;69;76;B;Fonte OpenStreetMap (ODbL). Dati di contatto come mappati in OSM: verificare prima di un eventuale contatto.;2026-09-15T20:43:15Z;3652804483
Ambulatorio veterinario Gerlanz Furio;Veterinari;;Trieste;TS;Friuli-Venezia Giulia;Campo Pietro Metastasio 3a, 34148;https://www.gherlanzveterinario.com/;furiogherlanz@hotmail.it;+39 040810834;;;;Gherlanz dott. Furio Medico Veterinario;OpenStreetMap (Overpass API, ODbL);https://www.openstreetmap.org/node/9254287813;automatica;77;82;A;Fonte OpenStreetMap (ODbL). Dati di contatto come mappati in OSM: verificare prima di un eventuale contatto.;2026-09-01T20:22:27Z;9254287813
Ambulatorio veterinario Murray;Veterinari;;Trieste;TS;Friuli-Venezia Giulia;Campo Pietro Metastasio 3a, 34148;https://veterinariomurray.it/;info@veterinariomurray.it;+39 040813164;;;;Dottoressa medico Veterinario Cristina M. Murray;OpenStreetMap (Overpass API, ODbL);https://www.openstreetmap.org/node/9254287816;automatica;77;82;A;Fonte OpenStreetMap (ODbL). Dati di contatto come mappati in OSM: verificare prima di un eventuale contatto.;2026-09-01T20:22:27Z;9254287816
Ambulatorio Veterinario Nordest s.a.;Veterinari;;Udine;UD;Friuli-Venezia Giulia;Via Bariglaria 269;;nordest.vet@gmail.com;+39 0432565212;;;;;OpenStreetMap (Overpass API, ODbL);https://www.openstreetmap.org/node/11082027205;automatica;62;62;C;Fonte OpenStreetMap (ODbL). Dati di contatto come mappati in OSM: verificare prima di un eventuale contatto.;2026-09-03T02:23:04Z;11082027205
Ambulatorio veterinario Belli-Lisi;Veterinari;;Monterotondo;RM;Lazio;Via San Martino 10, 00015;https://www.veterinari-bellilisi.it;vetbelisi@gmail.com;+39 0690622294;;;https://www.facebook.com/AmbulatorioVeterinarioAssociatoMonterotondo;;OpenStreetMap (Overpass API, ODbL);https://www.openstreetmap.org/node/13619502085;automatica;77;83;A;Fonte OpenStreetMap (ODbL). Dati di contatto come mappati in OSM: verificare prima di un eventuale contatto.;2026-09-09T15:49:24Z;13619502085
Ambulatorio Veterinario Gattamelata;Veterinari;;Roma;RM;Lazio;Via Erasmo Gattamelata 120;https://www.veterinariopigneto.it;ambulatoriogattamelata@gmail.com;+39 3472919336;veterinario.gattamelata;https://www.instagram.com/veterinario.gattamelata/;https://www.facebook.com/ambulatorioveterinariogattamelata/;Alessia Lingesso;OpenStreetMap (Overpass API, ODbL);https://www.openstreetmap.org/node/13380799760;automatica;92;97;A+;Fonte OpenStreetMap (ODbL). Dati di contatto come mappati in OSM: verificare prima di un eventuale contatto.;2026-09-01T11:48:47Z;13380799760
Centro veterinario Ostia;Veterinari;;Roma;RM;Lazio;Via Costanzo Casana 47, 00121;http://www.centroveterinariostia.eu/;info@centroveterinariostia.eu;+39 065693742;centroveterinariostia;https://www.instagram.com/centroveterinariostia/;https://www.facebook.com/vetostia/;;OpenStreetMap (Overpass API, ODbL);https://www.openstreetmap.org/node/11394384784;automatica;85;91;A+;Fonte OpenStreetMap (ODbL). Dati di contatto come mappati in OSM: verificare prima di un eventuale contatto.;2026-09-01T11:48:47Z;11394384784
Ambulatorio veterinario Spiezia;Veterinari;;Roma;RM;Lazio;Via Portuense 803, 00148;https://www.veterinarioportuense.it/;spieziavet@gmail.com;+39 066591366;;;;Iolanda Lucia Spezia;OpenStreetMap (Overpass API, ODbL);https://www.openstreetmap.org/node/11748892121;automatica;77;82;A;Fonte OpenStreetMap (ODbL). Dati di contatto come mappati in OSM: verificare prima di un eventuale contatto.;2026-09-01T11:48:47Z;11748892121
Centro Veterinario Cecchignola;Veterinari;;Roma;RM;Lazio;Via Abigaille Zanetta 26, 00143;https://centroveterinariocecchignola.com/;centroveterinariocecchignola@gmail.com;+39 0651958587;;;;;OpenStreetMap (Overpass API, ODbL);https://www.openstreetmap.org/node/12953675888;automatica;69;76;B;Fonte OpenStreetMap (ODbL). Dati di contatto come mappati in OSM: verificare prima di un eventuale contatto.;2026-09-01T11:48:47Z;12953675888
Ambulatorio Veterinario Associato Pineto;Veterinari;;Roma;RM;Lazio;Via Vittorio Montiglio 25,27;https://www.ambulatorioveterinariopineto.it/;info@ambulatorioveterinariopineto.it;+39 0689235429;;;;;OpenStreetMap (Overpass API, ODbL);https://www.openstreetmap.org/node/8833503090;automatica;69;76;B;Fonte OpenStreetMap (ODbL). Dati di contatto come mappati in OSM: verificare prima di un eventuale contatto.;2026-09-01T11:48:47Z;8833503090
Dott. Amerio Croce;Veterinari;;Roma;RM;Lazio;Via Alghero 9, 00182;https://www.veterinariaroma.it/;info@veterinariaroma.it;+39 0670301455, +39 3289386010;;;;;OpenStreetMap (Overpass API, ODbL);https://www.openstreetmap.org/node/1544664323;automatica;69;76;B;Fonte OpenStreetMap (ODbL). Dati di contatto come mappati in OSM: verificare prima di un eventuale contatto.;2026-09-01T11:48:47Z;1544664323
Asta Onlus;Veterinari;;Roma;RM;Lazio;Via Sante Bargellini 18, 00156;https://www.associazioneasta.com/;asta@associazioneasta.com;+39 064506162;;;;;OpenStreetMap (Overpass API, ODbL);https://www.openstreetmap.org/node/7711341085;automatica;69;76;B;Fonte OpenStreetMap (ODbL). Dati di contatto come mappati in OSM: verificare prima di un eventuale contatto.;2026-09-01T11:48:47Z;7711341085
CVRS Policlinico Veterinario Roma Sud;Veterinari;;Roma;RM;Lazio;Via Pilade Mazza 24, 00173;https://www.cvrs.it/;info@cvrs.it;+39 067236171;;;;;OpenStreetMap (Overpass API, ODbL);https://www.openstreetmap.org/node/7625648493;automatica;69;76;B;Fonte OpenStreetMap (ODbL). Dati di contatto come mappati in OSM: verificare prima di un eventuale contatto.;2026-09-01T11:48:47Z;7625648493
Ambulatorio Veterinario Ricciotti;Veterinari;;Roma;RM;Lazio;;https://www.ambulatorioveterinarioricciotti.it/;ambvet.ricciotti@gmail.com;+39 063214242;;;https://www.facebook.com/ricciottivet/;;OpenStreetMap (Overpass API, ODbL);https://www.openstreetmap.org/node/610303277;automatica;69;75;B;Fonte OpenStreetMap (ODbL). Dati di contatto come mappati in OSM: verificare prima di un eventuale contatto.;2026-09-01T11:48:47Z;610303277
"Ambulatorio Veterinario Associato ""Villa Lazzaroni""";Veterinari;;Roma;RM;Lazio;Via Raffaele de Cesare 60, 00179;;ambulatorioassociato@gmail.com;+39 067887143;;;;;OpenStreetMap (Overpass API, ODbL);https://www.openstreetmap.org/node/2002702292;automatica;62;62;C;Fonte OpenStreetMap (ODbL). Dati di contatto come mappati in OSM: verificare prima di un eventuale contatto.;2026-09-01T11:48:47Z;2002702292
Dott.ssa Virginia Poggi - Veterinario a domicilio;Veterinari;"Veterinario a domicilio: visite, prelievi, terapie, vaccinazioni, certificati; area Tivoli-Roma";Tivoli;RM;Lazio;Tivoli (servizio a domicilio: Roma, Guidonia, Castel Madama, Mentana, Vicovaro, Gallicano, Zagarolo, Palestrina, San Cesareo, Palombara Sabina, Marcellina);;dott.ssa.poggi@gmail.com;+39 3289083058;;;;Dott.ssa Virginia Poggi;VeterinarioVicinoAMe;https://veterinariovicinoame.it/ambulatorio/veterinario-a-domicilio-tivoli-poggi/;manuale;77;71;B;Servizio a domicilio molto recensito: ottimo modello per partnership su follow-up cure.;;
Clinica veterinaria Albaro;Veterinari;;Genova;GE;Liguria;Via Montallegro 26 rosso;https://www.clinicavetalbaro.it;info@clinicavetalbaro.it;+39 0103620532;;;;;OpenStreetMap (Overpass API, ODbL);https://www.openstreetmap.org/node/4682022248;automatica;69;76;B;Fonte OpenStreetMap (ODbL). Dati di contatto come mappati in OSM: verificare prima di un eventuale contatto.;2026-09-01T12:50:49Z;4682022248
Centro Veterinario SOS;Veterinari;;Brescia;BS;Lombardia;Via Guglielmo Oberdan 6v, 25128;;info@sosveterinariobrescia.it;+39 030305951;;;;;OpenStreetMap (Overpass API, ODbL);https://www.openstreetmap.org/node/3240952283;automatica;62;62;C;Fonte OpenStreetMap (ODbL). Dati di contatto come mappati in OSM: verificare prima di un eventuale contatto.;2026-09-01T20:23:24Z;3240952283
Clinica veterinaria San Rocco;Veterinari;;Como;CO;Lombardia;38, 22100;https://www.clinicaveterinaria24ore.com/;info@clinicaveterinaria24ore.com;+39 031261433;;;;;OpenStreetMap (Overpass API, ODbL);https://www.openstreetmap.org/node/1981151703;automatica;69;76;B;Fonte OpenStreetMap (ODbL). Dati di contatto come mappati in OSM: verificare prima di un eventuale contatto.;2026-09-03T15:42:27Z;1981151703
Giovanni Raffaele Seneca;Veterinari;;Como;CO;Lombardia;Via Monte Grappa 74, 22100;http://www.giovanniseneca.eu/;senecagiovanni@gmail.com;+39 031300230;;;;;OpenStreetMap (Overpass API, ODbL);https://www.openstreetmap.org/node/14135396392;automatica;69;76;B;Fonte OpenStreetMap (ODbL). Dati di contatto come mappati in OSM: verificare prima di un eventuale contatto.;2026-09-03T15:42:27Z;14135396392
Clinica Veterinaria Morelli;Veterinari;;Lodi;LO;Lombardia;Piazza Don Luigi Savarè 14;https://www.clinicavetlodi.com/;clinicavetlodi@libero.it;+39 0371412449;;;;;OpenStreetMap (Overpass API, ODbL);https://www.openstreetmap.org/node/4269569792;automatica;69;76;B;Fonte OpenStreetMap (ODbL). Dati di contatto come mappati in OSM: verificare prima di un eventuale contatto.;2026-09-08T20:33:46Z;4269569792
Centro veterinario cesanese;Veterinari;;Cesano Maderno;MB;Lombardia;Via Don Luigi Viganò 58, 20811;https://www.centroveterinariocesanese.com/;centrovetcesa@virgilio.it;+39 0362524361;;;;Centro veterinario cesanese;OpenStreetMap (Overpass API, ODbL);https://www.openstreetmap.org/node/13990126019;automatica;77;82;A;Fonte OpenStreetMap (ODbL). Dati di contatto come mappati in OSM: verificare prima di un eventuale contatto.;2026-09-10T20:17:30Z;13990126019
Ambulatorio veterinario Dott.ssa Maura Giovine;Veterinari;;Monza;MB;Lombardia;Via Eugenio Villoresi 2, 20834;http://www.mauragiovine.it/;mauragiovine@tiscali.it;+39 3382412397;;;;;OpenStreetMap (Overpass API, ODbL);https://www.openstreetmap.org/node/582551391;automatica;69;76;B;Fonte OpenStreetMap (ODbL). Dati di contatto come mappati in OSM: verificare prima di un eventuale contatto.;2026-10-01T22:14:37Z;582551391
Clinica Veterinaria Città di Monza;Veterinari;;Monza;MB;Lombardia;Via Ernesto Messa 7, 20900;https://www.clinvetmonza.it/;info@clinvetmonza.it;+39 0392025777;;;;;OpenStreetMap (Overpass API, ODbL);https://www.openstreetmap.org/way/226730572;automatica;69;76;B;Fonte OpenStreetMap (ODbL). Dati di contatto come mappati in OSM: verificare prima di un eventuale contatto.;2026-10-01T22:14:37Z;226730572
Clinica Veterinaria Maddalena;Veterinari;;Monza;MB;Lombardia;Via Pavia 8, 20835;;info@clinicaveterinariamaddalena.it;+39 0392782622;;;;;OpenStreetMap (Overpass API, ODbL);https://www.openstreetmap.org/node/2385369788;automatica;62;62;C;Fonte OpenStreetMap (ODbL). Dati di contatto come mappati in OSM: verificare prima di un eventuale contatto.;2026-10-01T22:14:37Z;2385369788
GammaVet;Veterinari;;Seregno;MB;Lombardia;Via Mosè Gerosa 42, 20831;;gammavet5@gmail.com;03621441462 (formato da verificare);gammavet_clinica_veterinaria;https://www.instagram.com/gammavet_clinica_veterinaria/;https://www.facebook.com/GammavetSeregno/;;OpenStreetMap (Overpass API, ODbL);https://www.openstreetmap.org/node/5224705091;automatica;77;77;B;Fonte OpenStreetMap (ODbL). Dati di contatto come mappati in OSM: verificare prima di un eventuale contatto.;2026-09-08T20:34:06Z;5224705091
Dottoressa Muggiani;Veterinari;;Bollate;MI;Lombardia;Via Sempione 84, 20016;https://www.ambulatorioveterinariopero.it/;laura.muggiani@gmail.com;+39 3201676560;;;;;OpenStreetMap (Overpass API, ODbL);https://www.openstreetmap.org/node/5385706563;automatica;69;76;B;Fonte OpenStreetMap (ODbL). Dati di contatto come mappati in OSM: verificare prima di un eventuale contatto.;2026-09-11T10:21:09Z;5385706563
Dr. Cotti Maura;Veterinari;;Bollate;MI;Lombardia;;https://www.veterinariomauracotti.it/;ambulatoriocotti@gmail.com;+39 023548210;;;;;OpenStreetMap (Overpass API, ODbL);https://www.openstreetmap.org/node/9120556546;automatica;62;68;B;Fonte OpenStreetMap (ODbL). Dati di contatto come mappati in OSM: verificare prima di un eventuale contatto.;2026-09-11T10:21:09Z;9120556546
Clinica Veterinaria San Magno;Veterinari;;Legnano;MI;Lombardia;Via Venti Settembre 18a, 20025;https://www.clinicaveterinariasanmagno.com/;info@clinicaveterinariasanmagno.com;+39 0331454343;;;;;OpenStreetMap (Overpass API, ODbL);https://www.openstreetmap.org/node/5614910704;automatica;69;76;B;Fonte OpenStreetMap (ODbL). Dati di contatto come mappati in OSM: verificare prima di un eventuale contatto.;2026-09-05T14:23:11Z;5614910704
Studio veterinario della Valle;Veterinari;;Legnano;MI;Lombardia;Via Luigi Cadorna 6, 21057;https://www.centroveterinariodellavalle.com/;vetvalle@virgilio.it;+39 0331642420;;;;;OpenStreetMap (Overpass API, ODbL);https://www.openstreetmap.org/node/1139930412;automatica;69;76;B;Fonte OpenStreetMap (ODbL). Dati di contatto come mappati in OSM: verificare prima di un eventuale contatto.;2026-09-05T14:23:11Z;1139930412
Masetti;Veterinari;;Legnano;MI;Lombardia;;https://masettiveterinario.jimdo.com/;masetti.vet@gmail.com;+39 0331455526;;;;;OpenStreetMap (Overpass API, ODbL);https://www.openstreetmap.org/node/3328485242;automatica;62;68;B;Fonte OpenStreetMap (ODbL). Dati di contatto come mappati in OSM: verificare prima di un eventuale contatto.;2026-09-05T14:23:11Z;3328485242
Clinica Veterinaria Tibaldi;Veterinari;;Milano;MI;Lombardia;Via Giovanni Pezzotti 2, 20141;https://www.anicura.it/;info.h24abruzzo@anicura.it;+39 0258106826;clinicaveterinariaorobica;https://www.instagram.com/clinicaveterinariaorobica/;https://www.facebook.com/ospedaleveterinarioH24abruzzo/;Clinica Veterinaria Tibaldi S.r.l.;OpenStreetMap (Overpass API, ODbL);https://www.openstreetmap.org/node/5804044774;automatica;92;97;A+;Fonte OpenStreetMap (ODbL). Dati di contatto come mappati in OSM: verificare prima di un eventuale contatto.;2026-09-01T12:46:01Z;5804044774
MyPetClinic;Veterinari;;Milano;MI;Lombardia;Viale Daniele Ranzoni 10, 20149;https://www.mypetclinic.it/;milanofiera@mypetclinic.it;+39 0243983076;;;;Dott. Walter Scarabello;OpenStreetMap (Overpass API, ODbL);https://www.openstreetmap.org/node/8524280094;automatica;77;82;A;Fonte OpenStreetMap (ODbL). Dati di contatto come mappati in OSM: verificare prima di un eventuale contatto.;2026-09-01T12:46:01Z;8524280094
Dr. Luca Re;Veterinari;;Milano;MI;Lombardia;Via Ambrogio Binda 33, 20143;https://www.drlucare-veterinario.com/;ambulatoriolucare@gmail.com;+39 0297382078;;;;;OpenStreetMap (Overpass API, ODbL);https://www.openstreetmap.org/node/8523631934;automatica;69;76;B;Fonte OpenStreetMap (ODbL). Dati di contatto come mappati in OSM: verificare prima di un eventuale contatto.;2026-09-01T12:46:01Z;8523631934
Veterinario Dott.ssa Laura Cutullo;Veterinari;;Milano;MI;Lombardia;Via Paolo Giovio 28, 20144;http://www.naturaliter.it/;info@naturaliter.it;+39 0248016079;;;;;OpenStreetMap (Overpass API, ODbL);https://www.openstreetmap.org/node/9964808986;automatica;69;76;B;Fonte OpenStreetMap (ODbL). Dati di contatto come mappati in OSM: verificare prima di un eventuale contatto.;2026-09-01T12:46:01Z;9964808986
ENPA;Veterinari;;Milano;MI;Lombardia;Via Pietro Gassendi 11, 20155;https://www.clinicaenpami.org;clinica@enpamilano.org;+39 0297064230;;;;;OpenStreetMap (Overpass API, ODbL);https://www.openstreetmap.org/node/9677620610;automatica;69;76;B;Fonte OpenStreetMap (ODbL). Dati di contatto come mappati in OSM: verificare prima di un eventuale contatto.;2026-09-01T12:46:01Z;9677620610
Dottor Roberto Granata;Veterinari;;Milano;MI;Lombardia;Via Andrea Maria Ampère 115;http://robertogranata.it/;info@robertogranata.it;+39 022841347;;;;;OpenStreetMap (Overpass API, ODbL);https://www.openstreetmap.org/node/8523398333;automatica;69;76;B;Fonte OpenStreetMap (ODbL). Dati di contatto come mappati in OSM: verificare prima di un eventuale contatto.;2026-09-01T12:46:01Z;8523398333
Isola Verde;Veterinari;;Milano;MI;Lombardia;Via Marco Aurelio 49;https://www.clinicaveterinariaisolaverde.com/;cvisolaverde@gmail.com;+39 022870429;;;;;OpenStreetMap (Overpass API, ODbL);https://www.openstreetmap.org/node/5287291229;automatica;69;76;B;Fonte OpenStreetMap (ODbL). Dati di contatto come mappati in OSM: verificare prima di un eventuale contatto.;2026-09-01T12:46:01Z;5287291229
Clinica veterinaria Turro;Veterinari;;Milano;MI;Lombardia;Via Gerolamo Rovetta 8, 20127;http://www.clinicaveterinariaturro.it/;info@clinicaveterinariaturro.it;+39 0228040293;;;;;OpenStreetMap (Overpass API, ODbL);https://www.openstreetmap.org/node/8523890596;automatica;69;76;B;Fonte OpenStreetMap (ODbL). Dati di contatto come mappati in OSM: verificare prima di un eventuale contatto.;2026-09-01T12:46:01Z;8523890596
Clinica Veterinaria Tre Torri;Veterinari;;Milano;MI;Lombardia;Via Tiziano 21, 20145;;info@clinicaveterinariatretorri.it;;;;;ClinicaVeterinaria Tre Torri;OpenStreetMap (Overpass API, ODbL);https://www.openstreetmap.org/node/6096179373;automatica;62;56;C;Fonte OpenStreetMap (ODbL). Dati di contatto come mappati in OSM: verificare prima di un eventuale contatto.;2026-09-01T12:46:01Z;6096179373
Clinica Veterinaria del Naviglio;Veterinari;;Pioltello;MI;Lombardia;Viale Martesana 59, 20090;;info@clinicaveterinarianaviglio.it;;;;;;OpenStreetMap (Overpass API, ODbL);https://www.openstreetmap.org/node/8524105368;automatica;54;50;C;Fonte OpenStreetMap (ODbL). Dati di contatto come mappati in OSM: verificare prima di un eventuale contatto.;2026-09-11T15:38:33Z;8524105368
Ambulatorio Veterinario dott.ssa Martignoni;Veterinari;;Rho;MI;Lombardia;;https://www.veterinarimartignoni.it/;studiovet.martignoni@gmail.com;+39 029303017;vet_martignoni_rho;https://www.instagram.com/vet_martignoni_rho/;;Dott.ssa Benedetta Martignoni;OpenStreetMap (Overpass API, ODbL);https://www.openstreetmap.org/node/13998149923;automatica;77;82;A;Fonte OpenStreetMap (ODbL). Dati di contatto come mappati in OSM: verificare prima di un eventuale contatto.;2026-09-07T02:12:25Z;13998149923
Oltre Vet - Clinica veterinaria;Veterinari;;Voghera;PV;Lombardia;;;clinicaoltrevet@gmail.com;+39 0383693215;;;;;OpenStreetMap (Overpass API, ODbL);https://www.openstreetmap.org/node/13599636864;automatica;54;54;C;Fonte OpenStreetMap (ODbL). Dati di contatto come mappati in OSM: verificare prima di un eventuale contatto.;2026-09-10T02:26:59Z;13599636864
Clinica veterinaria del parco;Veterinari;;Saronno;VA;Lombardia;Via Varese 6, 20020;https://www.clinicaveterinariasolaro.it/;clinicavetdelparco@gmail.com;+39 0296799407;;;https://www.facebook.com/ClinicaVetdelParco;;OpenStreetMap (Overpass API, ODbL);https://www.openstreetmap.org/node/13394002303;automatica;77;83;A;Fonte OpenStreetMap (ODbL). Dati di contatto come mappati in OSM: verificare prima di un eventuale contatto.;2026-09-09T20:23:49Z;13394002303
Clinica veterinaria LISaVet;Veterinari;;Saronno;VA;Lombardia;Viale Europa 1375, 21042;https://www.veterinarioisabellafranco.it/;clinicalisavet@gmail.com;+39 029657535;;;;Dr.ssa Isabella Franco;OpenStreetMap (Overpass API, ODbL);https://www.openstreetmap.org/node/11483976357;automatica;77;82;A;Fonte OpenStreetMap (ODbL). Dati di contatto come mappati in OSM: verificare prima di un eventuale contatto.;2026-09-09T20:23:49Z;11483976357
La Fenice;Veterinari;;Varese;VA;Lombardia;Via Cavour 4, 21020;https://www.lafenicevetvarese.it/;lafenicevet@gmail.com;+39 0332890081;;;;;OpenStreetMap (Overpass API, ODbL);https://www.openstreetmap.org/node/4099274589;automatica;69;76;B;Fonte OpenStreetMap (ODbL). Dati di contatto come mappati in OSM: verificare prima di un eventuale contatto.;2026-09-03T20:27:04Z;4099274589
Clinica veterinaria Flaminia;Veterinari;;Ancona;AN;Marche;Via Flaminia 315, 60126;https://clinicaveterinariaflaminia.it;clinicaveterinariaflaminia@gmail.com;+39 3907154762;;;;;OpenStreetMap (Overpass API, ODbL);https://www.openstreetmap.org/node/11335979317;automatica;69;76;B;Fonte OpenStreetMap (ODbL). Dati di contatto come mappati in OSM: verificare prima di un eventuale contatto.;2026-09-03T02:22:02Z;11335979317
Ambulatorio Veterinario Associato Virgulti-Grosso;Veterinari;;Ascoli Piceno;AP;Marche;Largo delle Veroniche 17, 63100;https://www.veterinarivirgultiegrosso.it/;info@veterinarivirgultiegrosso.it;+39 073645999;;;https://www.facebook.com/p/Ambulatorio-Veterinario-Virgulti-e-Grosso-100063536714580;;OpenStreetMap (Overpass API, ODbL);https://www.openstreetmap.org/node/12565737951;automatica;77;83;A;Fonte OpenStreetMap (ODbL). Dati di contatto come mappati in OSM: verificare prima di un eventuale contatto.;2026-09-07T02:13:24Z;12565737951
Clinica Veterinaria San Paolo;Veterinari;;Torino;TO;Piemonte;Via Issiglio 111 int. 4, 10141;https://www.ambulatorioveterinario-torino.it/;info@clinicasanpaolo.it;+39 0113722558;;;;;OpenStreetMap (Overpass API, ODbL);https://www.openstreetmap.org/node/4734597325;automatica;69;76;B;Fonte OpenStreetMap (ODbL). Dati di contatto come mappati in OSM: verificare prima di un eventuale contatto.;2026-09-01T12:48:34Z;4734597325
Dottoressa Cristina Sandoli;Veterinari;;Vercelli;VC;Piemonte;;;cristinasandoli@gmail.com;+39 3384462132;;;https://www.facebook.com/Ambulatorio-Veterinario-Dr-Cristina-Sandoli-233395586863284;;OpenStreetMap (Overpass API, ODbL);https://www.openstreetmap.org/node/2943298582;automatica;62;61;C;Fonte OpenStreetMap (ODbL). Dati di contatto come mappati in OSM: verificare prima di un eventuale contatto.;2026-09-08T02:23:17Z;2943298582
Ospedale Veterinario Pingry;Veterinari;;Bari;BA;Puglia;Via delle Medaglie d'Oro 5;https://www.pingry.it/;pingry@tin.it;+39 0805533884;;;;;OpenStreetMap (Overpass API, ODbL);https://www.openstreetmap.org/node/5451410324;automatica;69;76;B;Fonte OpenStreetMap (ODbL). Dati di contatto come mappati in OSM: verificare prima di un eventuale contatto.;2026-09-01T15:54:00Z;5451410324
"Ambulatorio Veterinario ""Santo Spirito""";Veterinari;;Bari;BA;Puglia;Via Suor Maria Lucchesi 14, 70127;;ambulatoriosantospirito@gmail.com;+39 0806457415;;;;;OpenStreetMap (Overpass API, ODbL);https://www.openstreetmap.org/node/12111046009;automatica;62;62;C;Fonte OpenStreetMap (ODbL). Dati di contatto come mappati in OSM: verificare prima di un eventuale contatto.;2026-09-01T15:54:00Z;12111046009
Ambulatorio Veterinario Dott.Pesce-Dott.ssa Piumelli;Veterinari;;Bari;BA;Puglia;Via Angelantonio Maiorano 22, 70128;;piumellipesce@gmail.com;+39 0805304680;;;;;OpenStreetMap (Overpass API, ODbL);https://www.openstreetmap.org/node/329777992;automatica;62;62;C;Fonte OpenStreetMap (ODbL). Dati di contatto come mappati in OSM: verificare prima di un eventuale contatto.;2026-09-01T15:54:00Z;329777992
Clinica Veterinaria Alto Salento;Veterinari;;Francavilla Fontana;BR;Puglia;Viale dell'Artigianato, 72021;https://www.altosalentoveterinari.it/;clinicavetaltosalento@gmail.com;+39 3773195809;;;;;OpenStreetMap (Overpass API, ODbL);https://www.openstreetmap.org/node/12536288035;automatica;69;76;B;Fonte OpenStreetMap (ODbL). Dati di contatto come mappati in OSM: verificare prima di un eventuale contatto.;2026-09-10T20:17:45Z;12536288035
Centro Veterinario Lupiae;Veterinari;;Lecce;LE;Puglia;Viale Giuseppe Grassi 1/H, 73100;;centroveterinariolupiae@gmail.com;+39 3245658489;;;;;OpenStreetMap (Overpass API, ODbL);https://www.openstreetmap.org/node/13779633801;automatica;62;62;C;Fonte OpenStreetMap (ODbL). Dati di contatto come mappati in OSM: verificare prima di un eventuale contatto.;2026-09-03T10:34:35Z;13779633801
Etnapet;Veterinari;;Catania;CT;Sicilia;;http://www.fisioetnapet.it/;info@fisioetnapet.it;+39 3396894684;;;;;OpenStreetMap (Overpass API, ODbL);https://www.openstreetmap.org/node/8975796006;automatica;62;68;B;Fonte OpenStreetMap (ODbL). Dati di contatto come mappati in OSM: verificare prima di un eventuale contatto.;2026-09-01T15:54:13Z;8975796006
Clinica Veterinaria Arkè;Veterinari;;Palermo;PA;Sicilia;Via Giuseppe Pollaci 8,10, 90135;https://www.arkevet.net/chisiamo.html;info@arkevet.net;+39 0912539870;;;;;OpenStreetMap (Overpass API, ODbL);https://www.openstreetmap.org/node/5100685898;automatica;69;76;B;Fonte OpenStreetMap (ODbL). Dati di contatto come mappati in OSM: verificare prima di un eventuale contatto.;2026-09-01T12:49:43Z;5100685898
Centro Veterinario Animali Esotici;Veterinari;;Palermo;PA;Sicilia;Viale Regione Siciliana Sud Est 422, 90129;https://www.veterinarioesoticipalermo.it/;centrovetanimaliesotici@gmail.com;;;;https://www.facebook.com/CentroVeterinarioPerAnimaliEsotici;;OpenStreetMap (Overpass API, ODbL);https://www.openstreetmap.org/node/5412716530;automatica;69;71;B;Fonte OpenStreetMap (ODbL). Dati di contatto come mappati in OSM: verificare prima di un eventuale contatto.;2026-09-01T12:49:43Z;5412716530
Artemis;Veterinari;;Palermo;PA;Sicilia;Via Porrazzi 12a, 90129;;ambulatorio.artemis@gmail.com;;;;;;OpenStreetMap (Overpass API, ODbL);https://www.openstreetmap.org/node/6269545637;automatica;54;50;C;Fonte OpenStreetMap (ODbL). Dati di contatto come mappati in OSM: verificare prima di un eventuale contatto.;2026-09-01T12:49:43Z;6269545637
Micca;Veterinari;;Siracusa;SR;Sicilia;;;francescamicca58@gmail.com;+39 3201186404;;;;;OpenStreetMap (Overpass API, ODbL);https://www.openstreetmap.org/node/6248470966;automatica;54;54;C;Fonte OpenStreetMap (ODbL). Dati di contatto come mappati in OSM: verificare prima di un eventuale contatto.;2026-09-02T15:44:50Z;6248470966
Veterinario Sant'Antonio;Veterinari;;Erice;TP;Sicilia;Via Cosenza, 91016;https://www.ambulatorioveterinario-trapani.it/;info@veterinario-trapani.it;+39 3208826140;;;;;OpenStreetMap (Overpass API, ODbL);https://www.openstreetmap.org/node/10718744089;automatica;69;76;B;Fonte OpenStreetMap (ODbL). Dati di contatto come mappati in OSM: verificare prima di un eventuale contatto.;2026-09-14T21:20:40Z;10718744089
"Centro Veterinario ""Città di Mazara""";Veterinari;;Mazara del Vallo;TP;Sicilia;;;vetmaz@gmail.com;+39 0923364832;;;;Giosuè Ruggiano;OpenStreetMap (Overpass API, ODbL);https://www.openstreetmap.org/node/1364722234;automatica;62;60;C;Fonte OpenStreetMap (ODbL). Dati di contatto come mappati in OSM: verificare prima di un eventuale contatto.;2026-09-07T02:13:10Z;1364722234
Il Poggetto;Veterinari;;Firenze;FI;Toscana;Via Celso 2 R;https://www.clinicaveterinariailpoggetto.it/;info@ilpoggettovet.it;;;;;;OpenStreetMap (Overpass API, ODbL);https://www.openstreetmap.org/node/2361715539;automatica;62;64;C;Fonte OpenStreetMap (ODbL). Dati di contatto come mappati in OSM: verificare prima di un eventuale contatto.;2026-09-01T15:51:52Z;2361715539
Ospedale veterinario Ardenza;Veterinari;;Livorno;LI;Toscana;Via Uberto Mondolfi 169;https://www.ospedaleveterinarioardenza.com/;info@ospedaleveterinarioardenza.com;+39 0586504403;;;;;OpenStreetMap (Overpass API, ODbL);https://www.openstreetmap.org/node/5412245021;automatica;69;76;B;Fonte OpenStreetMap (ODbL). Dati di contatto come mappati in OSM: verificare prima di un eventuale contatto.;2026-09-02T02:16:57Z;5412245021
Cardiovet;Veterinari;;Livorno;LI;Toscana;;https://www.cardiovet.eu/;info@cardiovet.eu;+39 0586839956;;;;;OpenStreetMap (Overpass API, ODbL);https://www.openstreetmap.org/node/11172694688;automatica;62;68;B;Fonte OpenStreetMap (ODbL). Dati di contatto come mappati in OSM: verificare prima di un eventuale contatto.;2026-09-02T02:16:57Z;11172694688
Dottor Mario Lemmi;Veterinari;;Livorno;LI;Toscana;Viale Ippolito Nievo 39,41;;lemmimario@alice.it;+39 0586408370;;;;;OpenStreetMap (Overpass API, ODbL);https://www.openstreetmap.org/node/1725269110;automatica;62;62;C;Fonte OpenStreetMap (ODbL). Dati di contatto come mappati in OSM: verificare prima di un eventuale contatto.;2026-09-02T02:16:57Z;1725269110
Veterinario Soldani;Veterinari;;Pontedera;PI;Toscana;Via Vittorio Veneto 196, 56025;;info@veterinariosoldani.it;+39 058755266;;;;;OpenStreetMap (Overpass API, ODbL);https://www.openstreetmap.org/node/9983551353;automatica;62;62;C;Fonte OpenStreetMap (ODbL). Dati di contatto come mappati in OSM: verificare prima di un eventuale contatto.;2026-09-14T21:20:35Z;9983551353
Clinica tre santi;Veterinari;;Bolzano;BZ;Trentino-Alto Adige/Südtirol;Viale Druso - Drususallee 71, 39100;https://www.clinicatresanti.it/;info@clinicatresanti.it;+39 0471272818;;;;Folchini Dott. Alessandro - Sanin Dr. Christian;OpenStreetMap (Overpass API, ODbL);https://www.openstreetmap.org/node/4236527513;automatica;77;82;A;Fonte OpenStreetMap (ODbL). Dati di contatto come mappati in OSM: verificare prima di un eventuale contatto.;2026-09-02T20:30:38Z;4236527513
Clinica veterinaria Città di Bolzano VETBZ;Veterinari;;Bolzano;BZ;Trentino-Alto Adige/Südtirol;Via Resia - Reschenstraße 20, 39100;https://www.vetbz.it/;info@vetbz.it;+39 0471204212;;;;;OpenStreetMap (Overpass API, ODbL);https://www.openstreetmap.org/node/2656691408;automatica;69;76;B;Fonte OpenStreetMap (ODbL). Dati di contatto come mappati in OSM: verificare prima di un eventuale contatto.;2026-09-02T20:30:38Z;2656691408
Europa;Veterinari;;Bolzano;BZ;Trentino-Alto Adige/Südtirol;Viale Europa - Europaallee 128a, 39100;http://www.ambulatorioveterinario-europa.it/;ingrid.misfatto@fastwebnet.it;;;;;;OpenStreetMap (Overpass API, ODbL);https://www.openstreetmap.org/node/4127642223;automatica;62;64;C;Fonte OpenStreetMap (ODbL). Dati di contatto come mappati in OSM: verificare prima di un eventuale contatto.;2026-09-02T20:30:38Z;4127642223
Vetclinic Dr. Georg Moser e Dr. Simon Kirchler;Veterinari;;Bolzano;BZ;Trentino-Alto Adige/Südtirol;Via Tre Santi - Dreiheiligengasse 1f, 39100;;info@vetclinic.bz;+39 0471283040;;;;;OpenStreetMap (Overpass API, ODbL);https://www.openstreetmap.org/node/3018017351;automatica;62;62;C;Fonte OpenStreetMap (ODbL). Dati di contatto come mappati in OSM: verificare prima di un eventuale contatto.;2026-09-02T20:30:38Z;3018017351
Tierklinik Tscherms - Clinica Veterinaria di Cermes;Veterinari;;Merano;BZ;Trentino-Alto Adige/Südtirol;1;https://www.tierklinik-tscherms.com/;praxis@tierklinik-tscherms.com;+39 0473565350;;;;Dr. Piervittorio Cantieri, Dr. Mauro Russo;OpenStreetMap (Overpass API, ODbL);https://www.openstreetmap.org/node/8728558961;automatica;77;82;A;Fonte OpenStreetMap (ODbL). Dati di contatto come mappati in OSM: verificare prima di un eventuale contatto.;2026-09-10T20:16:58Z;8728558961
Ambulatorio Veterinario Via Feltre;Veterinari;;Belluno;BL;Veneto;Via Feltre 75, 32100;https://www.ambvetviafeltre.it;info@ambvetviafeltre.it;+39 0437942412;;;;;OpenStreetMap (Overpass API, ODbL);https://www.openstreetmap.org/node/9004231995;automatica;69;76;B;Fonte OpenStreetMap (ODbL). Dati di contatto come mappati in OSM: verificare prima di un eventuale contatto.;2026-09-11T02:20:55Z;9004231995
Ambulatorio Veterinario Padova Vet;Veterinari;;Padova;PD;Veneto;;;ambulatorioveterinariopdvet@gmail.com;490492322187 (formato da verificare);;;;;OpenStreetMap (Overpass API, ODbL);https://www.openstreetmap.org/node/12576844998;automatica;54;54;C;Fonte OpenStreetMap (ODbL). Dati di contatto come mappati in OSM: verificare prima di un eventuale contatto.;2026-09-01T20:21:48Z;12576844998
"Ospedale Veterinario ""Città di Conegliano""";Veterinari;;Conegliano;TV;Veneto;;http://www.ospedaleveterinarioconegliano.eu/;info@ospedaleveterinarioconegliano.eu;+39 043833566;;;;;OpenStreetMap (Overpass API, ODbL);https://www.openstreetmap.org/node/1062349599;automatica;62;68;B;Fonte OpenStreetMap (ODbL). Dati di contatto come mappati in OSM: verificare prima di un eventuale contatto.;2026-09-11T20:22:55Z;1062349599
